BusinessNum,cmpCd,cmpScl,criGrd,accDate,grdDesc
1051505526,,,,,
1178100918,1673782.0,중소기업,A2,2022-07-19,"양호한 단기거래 신용능력을 보유하여, 채무불이행으로 인한 위험 가능성이 낮으며, 현 단계에서 합리적으로 예측 가능한 장래의 어떠한 환경변화에 대한 대처능력이 상당한 수준"
2028105909,1279733.0,중소기업,B2,2022-07-19,"비교적 무난한 수준의 단기거래 신용능력을 보유하지만, 장래의 거래안정성에 다소 부정적인 요인이 내재되어 있는 수준"
5368103050,8988819.0,중소기업,A3,2022-07-19,"우위의 단기거래 신용능력이 인정되어, 채무불이행으로 인한 위험 가능성이 비교적 낮은 편이지만, 현 단계에서 예측 가능한 환경변화에 대한 대처능력이 제한적인 수준"
3028109597,1158690.0,중소기업,B1,2022-07-19,"적정 수준의 단기거래 신용능력을 보유하지만, 급격한 환경변화에 따라 거래안정성에 다소 영향 받을 가능성이 있는 수준"
3058605060,4092839.0,중소기업,A3,2022-07-19,"우위의 단기거래 신용능력이 인정되어, 채무불이행으로 인한 위험 가능성이 비교적 낮은 편이지만, 현 단계에서 예측 가능한 환경변화에 대한 대처능력이 제한적인 수준"
1108108816,1317882.0,중소기업,B3,2022-02-15,"단기간의 신용능력은 인정되지만, 향후 환경변화에 따른 지급확실성 저하 가능성이 상존하는 수준"
1138603978,2783324.0,중소기업,A3,2022-07-19,"우위의 단기거래 신용능력이 인정되어, 채무불이행으로 인한 위험 가능성이 비교적 낮은 편이지만, 현 단계에서 예측 가능한 환경변화에 대한 대처능력이 제한적인 수준"
1328708050,8646636.0,중소기업,C3,2022-05-15,채무불이행 발생 가능성이 높아 향후 회복가능성이 낮고 적기 상환능력이 의심되는 수준으로 현금거래가 요망되는 위험 수준
1088104508,2820880.0,중소기업,A3,2022-07-19,"우위의 단기거래 신용능력이 인정되어, 채무불이행으로 인한 위험 가능성이 비교적 낮은 편이지만, 현 단계에서 예측 가능한 환경변화에 대한 대처능력이 제한적인 수준"
6228106721,9306653.0,중소기업,B1,2022-07-19,"적정 수준의 단기거래 신용능력을 보유하지만, 급격한 환경변화에 따라 거래안정성에 다소 영향 받을 가능성이 있는 수준"
4708604376,6666121.0,중소기업,C2,2022-04-15,"채무불이행 발생 가능성을 내포하고 있으며, 상위등급에 비해 거래안정성이 매우 낮은 수준으로 경계가 요망되는 수준"
2118702099,3038976.0,대기업,A3,2022-07-19,"우위의 단기거래 신용능력이 인정되어, 채무불이행으로 인한 위험 가능성이 비교적 낮은 편이지만, 현 단계에서 예측 가능한 환경변화에 대한 대처능력이 제한적인 수준"
1058704837,4159429.0,중소기업,B2,2022-02-15,"비교적 무난한 수준의 단기거래 신용능력을 보유하지만, 장래의 거래안정성에 다소 부정적인 요인이 내재되어 있는 수준"
8328806863,8957805.0,중소기업,C3,2022-07-19,채무불이행 발생 가능성이 높아 향후 회복가능성이 낮고 적기 상환능력이 의심되는 수준으로 현금거래가 요망되는 위험 수준
1098605049,5958770.0,중소기업,B3,2022-07-19,"단기간의 신용능력은 인정되지만, 향후 환경변화에 따른 지급확실성 저하 가능성이 상존하는 수준"
6358703369,8893500.0,중소기업,A2,2022-07-19,"양호한 단기거래 신용능력을 보유하여, 채무불이행으로 인한 위험 가능성이 낮으며, 현 단계에서 합리적으로 예측 가능한 장래의 어떠한 환경변화에 대한 대처능력이 상당한 수준"
5368601488,9032648.0,중소기업,C1,2022-07-19,"현재 수준에서 신용능력은 제한적이며, 장래 거래안정성 저하가능성이 예상되어 주의가 요망되는 수준"
1088108635,1274600.0,중소기업,B3,2022-02-15,"단기간의 신용능력은 인정되지만, 향후 환경변화에 따른 지급확실성 저하 가능성이 상존하는 수준"
6138105316,1164026.0,중소기업,A3,2022-07-19,"우위의 단기거래 신용능력이 인정되어, 채무불이행으로 인한 위험 가능성이 비교적 낮은 편이지만, 현 단계에서 예측 가능한 환경변화에 대한 대처능력이 제한적인 수준"
1208705111,3204669.0,중소기업,B1,2022-07-19,"적정 수준의 단기거래 신용능력을 보유하지만, 급격한 환경변화에 따라 거래안정성에 다소 영향 받을 가능성이 있는 수준"
1098108140,1383765.0,중소기업,B1,2022-07-19,"적정 수준의 단기거래 신용능력을 보유하지만, 급격한 환경변화에 따라 거래안정성에 다소 영향 받을 가능성이 있는 수준"
1918803596,6801656.0,중소기업,C3,2022-04-15,채무불이행 발생 가능성이 높아 향후 회복가능성이 낮고 적기 상환능력이 의심되는 수준으로 현금거래가 요망되는 위험 수준
6138105317,1825427.0,중소기업,C2,2022-07-19,"채무불이행 발생 가능성을 내포하고 있으며, 상위등급에 비해 거래안정성이 매우 낮은 수준으로 경계가 요망되는 수준"
6188603117,8233808.0,중소기업,B3,2022-07-19,"단기간의 신용능력은 인정되지만, 향후 환경변화에 따른 지급확실성 저하 가능성이 상존하는 수준"
1178105037,2938434.0,중소기업,B2,2022-07-19,"비교적 무난한 수준의 단기거래 신용능력을 보유하지만, 장래의 거래안정성에 다소 부정적인 요인이 내재되어 있는 수준"
1188100369,1239043.0,중소기업,B2,2022-07-19,"비교적 무난한 수준의 단기거래 신용능력을 보유하지만, 장래의 거래안정성에 다소 부정적인 요인이 내재되어 있는 수준"
2148704816,1561569.0,중소기업,B3,2022-07-19,"단기간의 신용능력은 인정되지만, 향후 환경변화에 따른 지급확실성 저하 가능성이 상존하는 수준"
8818801372,6666026.0,중소기업,B3,2022-07-19,"단기간의 신용능력은 인정되지만, 향후 환경변화에 따른 지급확실성 저하 가능성이 상존하는 수준"
4628104825,6513303.0,중소기업,A2,2022-07-19,"양호한 단기거래 신용능력을 보유하여, 채무불이행으로 인한 위험 가능성이 낮으며, 현 단계에서 합리적으로 예측 가능한 장래의 어떠한 환경변화에 대한 대처능력이 상당한 수준"
2068603342,4142191.0,중소기업,B1,2022-07-19,"적정 수준의 단기거래 신용능력을 보유하지만, 급격한 환경변화에 따라 거래안정성에 다소 영향 받을 가능성이 있는 수준"
2098105495,2622550.0,중소기업,B3,2022-07-19,"단기간의 신용능력은 인정되지만, 향후 환경변화에 따른 지급확실성 저하 가능성이 상존하는 수준"
1108201361,5896003.0,기타(비영리법인),C1,2022-07-19,"현재 수준에서 신용능력은 제한적이며, 장래 거래안정성 저하가능성이 예상되어 주의가 요망되는 수준"
8128109787,8515759.0,중소기업,B1,2022-07-19,"적정 수준의 단기거래 신용능력을 보유하지만, 급격한 환경변화에 따라 거래안정성에 다소 영향 받을 가능성이 있는 수준"
4128106787,1293898.0,중소기업,A3,2022-07-19,"우위의 단기거래 신용능력이 인정되어, 채무불이행으로 인한 위험 가능성이 비교적 낮은 편이지만, 현 단계에서 예측 가능한 환경변화에 대한 대처능력이 제한적인 수준"
5058101789,1292605.0,중소기업,C1,2022-07-19,"현재 수준에서 신용능력은 제한적이며, 장래 거래안정성 저하가능성이 예상되어 주의가 요망되는 수준"
6158108442,1654091.0,중소기업,B3,2022-07-19,"단기간의 신용능력은 인정되지만, 향후 환경변화에 따른 지급확실성 저하 가능성이 상존하는 수준"
1298106266,1140997.0,중소기업,B1,2022-07-19,"적정 수준의 단기거래 신용능력을 보유하지만, 급격한 환경변화에 따라 거래안정성에 다소 영향 받을 가능성이 있는 수준"
3148108176,2913391.0,대기업,B1,2022-07-19,"적정 수준의 단기거래 신용능력을 보유하지만, 급격한 환경변화에 따라 거래안정성에 다소 영향 받을 가능성이 있는 수준"
1388104693,2813527.0,중소기업,A3,2022-07-19,"우위의 단기거래 신용능력이 인정되어, 채무불이행으로 인한 위험 가능성이 비교적 낮은 편이지만, 현 단계에서 예측 가능한 환경변화에 대한 대처능력이 제한적인 수준"
5808602038,8017742.0,중소기업,C2,2022-07-19,"채무불이행 발생 가능성을 내포하고 있으며, 상위등급에 비해 거래안정성이 매우 낮은 수준으로 경계가 요망되는 수준"
2278100246,5844063.0,중소기업,B3,2022-07-19,"단기간의 신용능력은 인정되지만, 향후 환경변화에 따른 지급확실성 저하 가능성이 상존하는 수준"
1188103114,1769281.0,중소기업,B2,2022-07-19,"비교적 무난한 수준의 단기거래 신용능력을 보유하지만, 장래의 거래안정성에 다소 부정적인 요인이 내재되어 있는 수준"
1078601381,2229580.0,중소기업,C2,2022-07-19,"채무불이행 발생 가능성을 내포하고 있으며, 상위등급에 비해 거래안정성이 매우 낮은 수준으로 경계가 요망되는 수준"
6168106303,3740665.0,중소기업,A3,2022-07-19,"우위의 단기거래 신용능력이 인정되어, 채무불이행으로 인한 위험 가능성이 비교적 낮은 편이지만, 현 단계에서 예측 가능한 환경변화에 대한 대처능력이 제한적인 수준"
6038807348,8596652.0,중소기업,B3,2022-02-15,"단기간의 신용능력은 인정되지만, 향후 환경변화에 따른 지급확실성 저하 가능성이 상존하는 수준"
2208703726,3695884.0,중소기업,B2,2022-05-15,"비교적 무난한 수준의 단기거래 신용능력을 보유하지만, 장래의 거래안정성에 다소 부정적인 요인이 내재되어 있는 수준"
2208601771,1860615.0,중소기업,B3,2022-03-15,"단기간의 신용능력은 인정되지만, 향후 환경변화에 따른 지급확실성 저하 가능성이 상존하는 수준"
8198707609,9326883.0,중소기업,B3,2022-07-19,"단기간의 신용능력은 인정되지만, 향후 환경변화에 따른 지급확실성 저하 가능성이 상존하는 수준"
6128102788,4074934.0,중소기업,C2,2022-07-19,"채무불이행 발생 가능성을 내포하고 있으며, 상위등급에 비해 거래안정성이 매우 낮은 수준으로 경계가 요망되는 수준"
1298105701,1671911.0,중소기업,C1,2022-07-19,"현재 수준에서 신용능력은 제한적이며, 장래 거래안정성 저하가능성이 예상되어 주의가 요망되는 수준"
6198609097,8247504.0,중소기업,C3,2022-07-19,채무불이행 발생 가능성이 높아 향후 회복가능성이 낮고 적기 상환능력이 의심되는 수준으로 현금거래가 요망되는 위험 수준
4168104411,1909562.0,중소기업,A2,2022-07-19,"양호한 단기거래 신용능력을 보유하여, 채무불이행으로 인한 위험 가능성이 낮으며, 현 단계에서 합리적으로 예측 가능한 장래의 어떠한 환경변화에 대한 대처능력이 상당한 수준"
6048106300,8246707.0,중소기업,A2,2022-07-19,"양호한 단기거래 신용능력을 보유하여, 채무불이행으로 인한 위험 가능성이 낮으며, 현 단계에서 합리적으로 예측 가능한 장래의 어떠한 환경변화에 대한 대처능력이 상당한 수준"
8468601196,6811690.0,중소기업,C2,2022-07-19,"채무불이행 발생 가능성을 내포하고 있으며, 상위등급에 비해 거래안정성이 매우 낮은 수준으로 경계가 요망되는 수준"
2078100614,1155734.0,중소기업,B3,2022-05-15,"단기간의 신용능력은 인정되지만, 향후 환경변화에 따른 지급확실성 저하 가능성이 상존하는 수준"
4728105210,8773236.0,중소기업,B2,2022-07-19,"비교적 무난한 수준의 단기거래 신용능력을 보유하지만, 장래의 거래안정성에 다소 부정적인 요인이 내재되어 있는 수준"
5038501423,3757780.0,중소기업,B2,2022-03-31,"비교적 무난한 수준의 단기거래 신용능력을 보유하지만, 장래의 거래안정성에 다소 부정적인 요인이 내재되어 있는 수준"
3068103046,1659112.0,중견기업,D,2021-11-04,지급불능 상태의 매우 취약한 신용능력을 나타내어 적기 상환능력이 전무한 수준
2208701121,2647565.0,중소기업,B1,2022-07-19,"적정 수준의 단기거래 신용능력을 보유하지만, 급격한 환경변화에 따라 거래안정성에 다소 영향 받을 가능성이 있는 수준"
5038103273,1732335.0,중소기업,C1,2022-03-31,"현재 수준에서 신용능력은 제한적이며, 장래 거래안정성 저하가능성이 예상되어 주의가 요망되는 수준"
2288705917,6748018.0,중소기업,B1,2022-07-19,"적정 수준의 단기거래 신용능력을 보유하지만, 급격한 환경변화에 따라 거래안정성에 다소 영향 받을 가능성이 있는 수준"
2238604666,6744294.0,중소기업,C2,2022-05-15,"채무불이행 발생 가능성을 내포하고 있으며, 상위등급에 비해 거래안정성이 매우 낮은 수준으로 경계가 요망되는 수준"
4108605393,3220395.0,중소기업,A3,2022-07-19,"우위의 단기거래 신용능력이 인정되어, 채무불이행으로 인한 위험 가능성이 비교적 낮은 편이지만, 현 단계에서 예측 가능한 환경변화에 대한 대처능력이 제한적인 수준"
6848602082,8168248.0,중소기업,A3,2022-07-19,"우위의 단기거래 신용능력이 인정되어, 채무불이행으로 인한 위험 가능성이 비교적 낮은 편이지만, 현 단계에서 예측 가능한 환경변화에 대한 대처능력이 제한적인 수준"
3488605545,8261307.0,중소기업,C3,2022-07-19,채무불이행 발생 가능성이 높아 향후 회복가능성이 낮고 적기 상환능력이 의심되는 수준으로 현금거래가 요망되는 위험 수준
8638605417,6731232.0,중소기업,B1,2022-07-19,"적정 수준의 단기거래 신용능력을 보유하지만, 급격한 환경변화에 따라 거래안정성에 다소 영향 받을 가능성이 있는 수준"
6718702785,6536578.0,중소기업,B3,2022-07-19,"단기간의 신용능력은 인정되지만, 향후 환경변화에 따른 지급확실성 저하 가능성이 상존하는 수준"
5618600292,6656259.0,중소기업,C3,2022-07-19,채무불이행 발생 가능성이 높아 향후 회복가능성이 낮고 적기 상환능력이 의심되는 수준으로 현금거래가 요망되는 위험 수준
1228101892,2882475.0,중견기업,B1,2022-07-19,"적정 수준의 단기거래 신용능력을 보유하지만, 급격한 환경변화에 따라 거래안정성에 다소 영향 받을 가능성이 있는 수준"
6818100057,6782951.0,중소기업,B1,2022-07-19,"적정 수준의 단기거래 신용능력을 보유하지만, 급격한 환경변화에 따라 거래안정성에 다소 영향 받을 가능성이 있는 수준"
2368807833,6527702.0,중소기업,C2,2022-05-15,"채무불이행 발생 가능성을 내포하고 있으며, 상위등급에 비해 거래안정성이 매우 낮은 수준으로 경계가 요망되는 수준"
2368807833,6527702.0,중소기업,C2,2022-07-19,"채무불이행 발생 가능성을 내포하고 있으며, 상위등급에 비해 거래안정성이 매우 낮은 수준으로 경계가 요망되는 수준"
5148102245,2590485.0,중소기업,B3,2022-07-19,"단기간의 신용능력은 인정되지만, 향후 환경변화에 따른 지급확실성 저하 가능성이 상존하는 수준"
2208109727,1195344.0,중소기업,B3,2022-07-19,"단기간의 신용능력은 인정되지만, 향후 환경변화에 따른 지급확실성 저하 가능성이 상존하는 수준"
1078101171,1953617.0,중소기업,B3,2022-07-19,"단기간의 신용능력은 인정되지만, 향후 환경변화에 따른 지급확실성 저하 가능성이 상존하는 수준"
1058708189,3714561.0,중소기업,B2,2022-07-19,"비교적 무난한 수준의 단기거래 신용능력을 보유하지만, 장래의 거래안정성에 다소 부정적인 요인이 내재되어 있는 수준"
1348605887,2760038.0,중소기업,B2,2022-07-19,"비교적 무난한 수준의 단기거래 신용능력을 보유하지만, 장래의 거래안정성에 다소 부정적인 요인이 내재되어 있는 수준"
1448107355,4136822.0,중소기업,C3,2022-07-19,채무불이행 발생 가능성이 높아 향후 회복가능성이 낮고 적기 상환능력이 의심되는 수준으로 현금거래가 요망되는 위험 수준
2208807204,6151375.0,중소기업,C3,2022-05-15,채무불이행 발생 가능성이 높아 향후 회복가능성이 낮고 적기 상환능력이 의심되는 수준으로 현금거래가 요망되는 위험 수준
6698707480,6415924.0,중소기업,B2,2022-07-19,"비교적 무난한 수준의 단기거래 신용능력을 보유하지만, 장래의 거래안정성에 다소 부정적인 요인이 내재되어 있는 수준"
4158102978,1206568.0,중소기업,A3,2022-04-15,"우위의 단기거래 신용능력이 인정되어, 채무불이행으로 인한 위험 가능성이 비교적 낮은 편이지만, 현 단계에서 예측 가능한 환경변화에 대한 대처능력이 제한적인 수준"
3748809954,8581205.0,중소기업,C2,2022-03-31,"채무불이행 발생 가능성을 내포하고 있으며, 상위등급에 비해 거래안정성이 매우 낮은 수준으로 경계가 요망되는 수준"
1018603994,2280542.0,중소기업,B2,2022-07-19,"비교적 무난한 수준의 단기거래 신용능력을 보유하지만, 장래의 거래안정성에 다소 부정적인 요인이 내재되어 있는 수준"
2118604634,1508933.0,중소기업,C2,2022-07-19,"채무불이행 발생 가능성을 내포하고 있으며, 상위등급에 비해 거래안정성이 매우 낮은 수준으로 경계가 요망되는 수준"
5028102841,2278438.0,중소기업,B1,2022-07-19,"적정 수준의 단기거래 신용능력을 보유하지만, 급격한 환경변화에 따라 거래안정성에 다소 영향 받을 가능성이 있는 수준"
1358101867,1380610.0,중소기업,C3,2022-07-19,채무불이행 발생 가능성이 높아 향후 회복가능성이 낮고 적기 상환능력이 의심되는 수준으로 현금거래가 요망되는 위험 수준
3128600802,4027341.0,중소기업,C1,2022-07-19,"현재 수준에서 신용능력은 제한적이며, 장래 거래안정성 저하가능성이 예상되어 주의가 요망되는 수준"
1068609382,3226736.0,중소기업,C2,2022-07-19,"채무불이행 발생 가능성을 내포하고 있으며, 상위등급에 비해 거래안정성이 매우 낮은 수준으로 경계가 요망되는 수준"
3138106717,4043822.0,중소기업,A3,2022-07-19,"우위의 단기거래 신용능력이 인정되어, 채무불이행으로 인한 위험 가능성이 비교적 낮은 편이지만, 현 단계에서 예측 가능한 환경변화에 대한 대처능력이 제한적인 수준"
1428104631,5889855.0,중소기업,B1,2022-07-19,"적정 수준의 단기거래 신용능력을 보유하지만, 급격한 환경변화에 따라 거래안정성에 다소 영향 받을 가능성이 있는 수준"
2148709653,2653621.0,중소기업,C1,2022-07-19,"현재 수준에서 신용능력은 제한적이며, 장래 거래안정성 저하가능성이 예상되어 주의가 요망되는 수준"
3148100446,1466049.0,중소기업,B2,2022-07-19,"비교적 무난한 수준의 단기거래 신용능력을 보유하지만, 장래의 거래안정성에 다소 부정적인 요인이 내재되어 있는 수준"
1078808428,5988941.0,중소기업,A3,2022-07-19,"우위의 단기거래 신용능력이 인정되어, 채무불이행으로 인한 위험 가능성이 비교적 낮은 편이지만, 현 단계에서 예측 가능한 환경변화에 대한 대처능력이 제한적인 수준"
5088107166,3037690.0,중소기업,C2,2022-07-19,"채무불이행 발생 가능성을 내포하고 있으며, 상위등급에 비해 거래안정성이 매우 낮은 수준으로 경계가 요망되는 수준"
2348107620,9146918.0,중소기업,B2,2022-07-19,"비교적 무난한 수준의 단기거래 신용능력을 보유하지만, 장래의 거래안정성에 다소 부정적인 요인이 내재되어 있는 수준"
3658801502,6520616.0,중소기업,B3,2022-07-19,"단기간의 신용능력은 인정되지만, 향후 환경변화에 따른 지급확실성 저하 가능성이 상존하는 수준"
2118701736,1578581.0,중소기업,B2,2022-07-19,"비교적 무난한 수준의 단기거래 신용능력을 보유하지만, 장래의 거래안정성에 다소 부정적인 요인이 내재되어 있는 수준"
1968603655,8769311.0,중소기업,B3,2022-05-15,"단기간의 신용능력은 인정되지만, 향후 환경변화에 따른 지급확실성 저하 가능성이 상존하는 수준"
1058707898,4020044.0,중소기업,C1,2022-02-15,"현재 수준에서 신용능력은 제한적이며, 장래 거래안정성 저하가능성이 예상되어 주의가 요망되는 수준"
2208806127,4091371.0,중소기업,B2,2022-07-19,"비교적 무난한 수준의 단기거래 신용능력을 보유하지만, 장래의 거래안정성에 다소 부정적인 요인이 내재되어 있는 수준"
1638500395,8825290.0,중소기업,C2,2022-07-19,"채무불이행 발생 가능성을 내포하고 있으며, 상위등급에 비해 거래안정성이 매우 낮은 수준으로 경계가 요망되는 수준"
5968806389,6659060.0,중소기업,B1,2022-07-19,"적정 수준의 단기거래 신용능력을 보유하지만, 급격한 환경변화에 따라 거래안정성에 다소 영향 받을 가능성이 있는 수준"
3278606842,9218427.0,중소기업,C2,2022-07-19,"채무불이행 발생 가능성을 내포하고 있으며, 상위등급에 비해 거래안정성이 매우 낮은 수준으로 경계가 요망되는 수준"
2108105589,1335442.0,중견기업,C3,2022-07-19,채무불이행 발생 가능성이 높아 향후 회복가능성이 낮고 적기 상환능력이 의심되는 수준으로 현금거래가 요망되는 위험 수준
6138106541,1543656.0,중소기업,C2,2022-07-19,"채무불이행 발생 가능성을 내포하고 있으며, 상위등급에 비해 거래안정성이 매우 낮은 수준으로 경계가 요망되는 수준"
4788601053,6800486.0,중소기업,C1,2022-07-19,"현재 수준에서 신용능력은 제한적이며, 장래 거래안정성 저하가능성이 예상되어 주의가 요망되는 수준"
4278607113,6783377.0,중소기업,B2,2022-07-19,"비교적 무난한 수준의 단기거래 신용능력을 보유하지만, 장래의 거래안정성에 다소 부정적인 요인이 내재되어 있는 수준"
5168705099,8777622.0,중소기업,B2,2022-07-19,"비교적 무난한 수준의 단기거래 신용능력을 보유하지만, 장래의 거래안정성에 다소 부정적인 요인이 내재되어 있는 수준"
4208704018,8353772.0,중소기업,C2,2022-07-19,"채무불이행 발생 가능성을 내포하고 있으며, 상위등급에 비해 거래안정성이 매우 낮은 수준으로 경계가 요망되는 수준"
3018105211,2988991.0,중소기업,B2,2022-07-19,"비교적 무난한 수준의 단기거래 신용능력을 보유하지만, 장래의 거래안정성에 다소 부정적인 요인이 내재되어 있는 수준"
3128608873,3860108.0,중견기업,C2,2022-07-19,"채무불이행 발생 가능성을 내포하고 있으며, 상위등급에 비해 거래안정성이 매우 낮은 수준으로 경계가 요망되는 수준"
6168105839,1553619.0,중소기업,B1,2022-07-19,"적정 수준의 단기거래 신용능력을 보유하지만, 급격한 환경변화에 따라 거래안정성에 다소 영향 받을 가능성이 있는 수준"
1238100922,2157501.0,중소기업,C2,2022-07-19,"채무불이행 발생 가능성을 내포하고 있으며, 상위등급에 비해 거래안정성이 매우 낮은 수준으로 경계가 요망되는 수준"
1168100794,1340893.0,중소기업,B3,2022-07-19,"단기간의 신용능력은 인정되지만, 향후 환경변화에 따른 지급확실성 저하 가능성이 상존하는 수준"
2118708226,1636358.0,중소기업,A3,2022-07-19,"우위의 단기거래 신용능력이 인정되어, 채무불이행으로 인한 위험 가능성이 비교적 낮은 편이지만, 현 단계에서 예측 가능한 환경변화에 대한 대처능력이 제한적인 수준"
3148608452,4205506.0,중소기업,C1,2022-07-19,"현재 수준에서 신용능력은 제한적이며, 장래 거래안정성 저하가능성이 예상되어 주의가 요망되는 수준"
1058708902,2739919.0,중소기업,B2,2022-07-19,"비교적 무난한 수준의 단기거래 신용능력을 보유하지만, 장래의 거래안정성에 다소 부정적인 요인이 내재되어 있는 수준"
2118702098,2235906.0,중소기업,C1,2022-07-19,"현재 수준에서 신용능력은 제한적이며, 장래 거래안정성 저하가능성이 예상되어 주의가 요망되는 수준"
5418106461,6401982.0,중소기업,C2,2022-02-15,"채무불이행 발생 가능성을 내포하고 있으며, 상위등급에 비해 거래안정성이 매우 낮은 수준으로 경계가 요망되는 수준"
2118806515,4058474.0,중소기업,B2,2022-07-19,"비교적 무난한 수준의 단기거래 신용능력을 보유하지만, 장래의 거래안정성에 다소 부정적인 요인이 내재되어 있는 수준"
5088100272,2255019.0,중소기업,C3,2022-07-19,채무불이행 발생 가능성이 높아 향후 회복가능성이 낮고 적기 상환능력이 의심되는 수준으로 현금거래가 요망되는 위험 수준
1298605344,3702012.0,중소기업,B1,2022-07-19,"적정 수준의 단기거래 신용능력을 보유하지만, 급격한 환경변화에 따라 거래안정성에 다소 영향 받을 가능성이 있는 수준"
7648709556,8377076.0,중소기업,B3,2022-07-19,"단기간의 신용능력은 인정되지만, 향후 환경변화에 따른 지급확실성 저하 가능성이 상존하는 수준"
1268106617,1869860.0,중소기업,B1,2022-07-19,"적정 수준의 단기거래 신용능력을 보유하지만, 급격한 환경변화에 따라 거래안정성에 다소 영향 받을 가능성이 있는 수준"
1058607275,1141028.0,중소기업,B2,2022-07-19,"비교적 무난한 수준의 단기거래 신용능력을 보유하지만, 장래의 거래안정성에 다소 부정적인 요인이 내재되어 있는 수준"
1208606599,1248378.0,중소기업,C3,2022-07-19,채무불이행 발생 가능성이 높아 향후 회복가능성이 낮고 적기 상환능력이 의심되는 수준으로 현금거래가 요망되는 위험 수준
2218102858,1523019.0,중견기업,B1,2022-07-19,"적정 수준의 단기거래 신용능력을 보유하지만, 급격한 환경변화에 따라 거래안정성에 다소 영향 받을 가능성이 있는 수준"
6508705766,6814235.0,중소기업,B1,2022-03-15,"적정 수준의 단기거래 신용능력을 보유하지만, 급격한 환경변화에 따라 거래안정성에 다소 영향 받을 가능성이 있는 수준"
6138106390,1507778.0,중소기업,B2,2022-07-19,"비교적 무난한 수준의 단기거래 신용능력을 보유하지만, 장래의 거래안정성에 다소 부정적인 요인이 내재되어 있는 수준"
2298208081,2910053.0,기타(비영리법인),C1,2022-05-15,"현재 수준에서 신용능력은 제한적이며, 장래 거래안정성 저하가능성이 예상되어 주의가 요망되는 수준"
1058707680,2927700.0,중소기업,A3,2022-02-15,"우위의 단기거래 신용능력이 인정되어, 채무불이행으로 인한 위험 가능성이 비교적 낮은 편이지만, 현 단계에서 예측 가능한 환경변화에 대한 대처능력이 제한적인 수준"
1218108196,1207576.0,중소기업,C2,2022-07-19,"채무불이행 발생 가능성을 내포하고 있으며, 상위등급에 비해 거래안정성이 매우 낮은 수준으로 경계가 요망되는 수준"
5158108582,6810988.0,중소기업,A3,2022-07-19,"우위의 단기거래 신용능력이 인정되어, 채무불이행으로 인한 위험 가능성이 비교적 낮은 편이지만, 현 단계에서 예측 가능한 환경변화에 대한 대처능력이 제한적인 수준"
1798102648,8225973.0,중소기업,B3,2022-07-19,"단기간의 신용능력은 인정되지만, 향후 환경변화에 따른 지급확실성 저하 가능성이 상존하는 수준"
1348707124,5866230.0,중소기업,A3,2022-07-19,"우위의 단기거래 신용능력이 인정되어, 채무불이행으로 인한 위험 가능성이 비교적 낮은 편이지만, 현 단계에서 예측 가능한 환경변화에 대한 대처능력이 제한적인 수준"
2208100374,1770513.0,중소기업,A3,2022-07-19,"우위의 단기거래 신용능력이 인정되어, 채무불이행으로 인한 위험 가능성이 비교적 낮은 편이지만, 현 단계에서 예측 가능한 환경변화에 대한 대처능력이 제한적인 수준"
1018607136,4141869.0,중소기업,C1,2022-07-19,"현재 수준에서 신용능력은 제한적이며, 장래 거래안정성 저하가능성이 예상되어 주의가 요망되는 수준"
1218609832,3711865.0,중소기업,B1,2022-07-19,"적정 수준의 단기거래 신용능력을 보유하지만, 급격한 환경변화에 따라 거래안정성에 다소 영향 받을 가능성이 있는 수준"
8688801046,8244443.0,중소기업,C2,2022-07-19,"채무불이행 발생 가능성을 내포하고 있으며, 상위등급에 비해 거래안정성이 매우 낮은 수준으로 경계가 요망되는 수준"
4178109191,1438689.0,중소기업,A3,2022-07-19,"우위의 단기거래 신용능력이 인정되어, 채무불이행으로 인한 위험 가능성이 비교적 낮은 편이지만, 현 단계에서 예측 가능한 환경변화에 대한 대처능력이 제한적인 수준"
1238107667,2723298.0,중소기업,B2,2022-07-19,"비교적 무난한 수준의 단기거래 신용능력을 보유하지만, 장래의 거래안정성에 다소 부정적인 요인이 내재되어 있는 수준"
4088107971,1570815.0,중소기업,B3,2022-07-19,"단기간의 신용능력은 인정되지만, 향후 환경변화에 따른 지급확실성 저하 가능성이 상존하는 수준"
6028108285,3035725.0,중소기업,A3,2022-07-19,"우위의 단기거래 신용능력이 인정되어, 채무불이행으로 인한 위험 가능성이 비교적 낮은 편이지만, 현 단계에서 예측 가능한 환경변화에 대한 대처능력이 제한적인 수준"
6538601797,6408819.0,중소기업,B3,2022-07-19,"단기간의 신용능력은 인정되지만, 향후 환경변화에 따른 지급확실성 저하 가능성이 상존하는 수준"
1058608901,1681708.0,중소기업,B1,2022-02-15,"적정 수준의 단기거래 신용능력을 보유하지만, 급격한 환경변화에 따라 거래안정성에 다소 영향 받을 가능성이 있는 수준"
2072708620,6735172.0,중소기업,B3,2022-05-15,"단기간의 신용능력은 인정되지만, 향후 환경변화에 따른 지급확실성 저하 가능성이 상존하는 수준"
2558803165,8408815.0,중소기업,C3,2022-07-19,채무불이행 발생 가능성이 높아 향후 회복가능성이 낮고 적기 상환능력이 의심되는 수준으로 현금거래가 요망되는 위험 수준
1358607358,5866731.0,중소기업,C2,2022-07-19,"채무불이행 발생 가능성을 내포하고 있으며, 상위등급에 비해 거래안정성이 매우 낮은 수준으로 경계가 요망되는 수준"
4128100513,2264765.0,중소기업,B3,2022-07-19,"단기간의 신용능력은 인정되지만, 향후 환경변화에 따른 지급확실성 저하 가능성이 상존하는 수준"
3548601233,6549076.0,중소기업,NG,2022-07-19,지급불능 상태의 매우 취약한 신용능력을 나타내어 적기 상환능력이 전무한 수준
6968602372,8150721.0,중소기업,C1,2022-07-19,"현재 수준에서 신용능력은 제한적이며, 장래 거래안정성 저하가능성이 예상되어 주의가 요망되는 수준"
1088209536,1658300.0,기타(비영리법인),B2,2022-07-19,"비교적 무난한 수준의 단기거래 신용능력을 보유하지만, 장래의 거래안정성에 다소 부정적인 요인이 내재되어 있는 수준"
1058702786,2910165.0,중소기업,B1,2022-02-15,"적정 수준의 단기거래 신용능력을 보유하지만, 급격한 환경변화에 따라 거래안정성에 다소 영향 받을 가능성이 있는 수준"
1058101631,1807044.0,중소기업,B2,2022-07-19,"비교적 무난한 수준의 단기거래 신용능력을 보유하지만, 장래의 거래안정성에 다소 부정적인 요인이 내재되어 있는 수준"
1078607588,2808127.0,중소기업,C3,2022-07-19,채무불이행 발생 가능성이 높아 향후 회복가능성이 낮고 적기 상환능력이 의심되는 수준으로 현금거래가 요망되는 위험 수준
1010109319,2898316.0,중소기업,B2,2021-12-31,"비교적 무난한 수준의 단기거래 신용능력을 보유하지만, 장래의 거래안정성에 다소 부정적인 요인이 내재되어 있는 수준"
1108109436,1307836.0,중소기업,B2,2022-07-19,"비교적 무난한 수준의 단기거래 신용능력을 보유하지만, 장래의 거래안정성에 다소 부정적인 요인이 내재되어 있는 수준"
1058704285,4069814.0,중소기업,B3,2022-02-15,"단기간의 신용능력은 인정되지만, 향후 환경변화에 따른 지급확실성 저하 가능성이 상존하는 수준"
1378105904,1792080.0,중소기업,B2,2022-07-19,"비교적 무난한 수준의 단기거래 신용능력을 보유하지만, 장래의 거래안정성에 다소 부정적인 요인이 내재되어 있는 수준"
2218106551,2787911.0,중소기업,A3,2022-07-19,"우위의 단기거래 신용능력이 인정되어, 채무불이행으로 인한 위험 가능성이 비교적 낮은 편이지만, 현 단계에서 예측 가능한 환경변화에 대한 대처능력이 제한적인 수준"
5068104731,4214493.0,중소기업,C3,2022-03-31,채무불이행 발생 가능성이 높아 향후 회복가능성이 낮고 적기 상환능력이 의심되는 수준으로 현금거래가 요망되는 위험 수준
5678702783,6823261.0,중소기업,B3,2022-07-19,"단기간의 신용능력은 인정되지만, 향후 환경변화에 따른 지급확실성 저하 가능성이 상존하는 수준"
1058709628,4152648.0,중소기업,A3,2022-07-19,"우위의 단기거래 신용능력이 인정되어, 채무불이행으로 인한 위험 가능성이 비교적 낮은 편이지만, 현 단계에서 예측 가능한 환경변화에 대한 대처능력이 제한적인 수준"
1058701136,2833951.0,중소기업,A2,2022-07-19,"양호한 단기거래 신용능력을 보유하여, 채무불이행으로 인한 위험 가능성이 낮으며, 현 단계에서 합리적으로 예측 가능한 장래의 어떠한 환경변화에 대한 대처능력이 상당한 수준"
5048101639,1770009.0,중소기업,B3,2022-07-19,"단기간의 신용능력은 인정되지만, 향후 환경변화에 따른 지급확실성 저하 가능성이 상존하는 수준"
1388102969,3721403.0,중소기업,A2,2022-07-19,"양호한 단기거래 신용능력을 보유하여, 채무불이행으로 인한 위험 가능성이 낮으며, 현 단계에서 합리적으로 예측 가능한 장래의 어떠한 환경변화에 대한 대처능력이 상당한 수준"
2118700212,2207973.0,중소기업,B1,2022-07-19,"적정 수준의 단기거래 신용능력을 보유하지만, 급격한 환경변화에 따라 거래안정성에 다소 영향 받을 가능성이 있는 수준"
2148607900,1152979.0,중소기업,A3,2022-07-19,"우위의 단기거래 신용능력이 인정되어, 채무불이행으로 인한 위험 가능성이 비교적 낮은 편이지만, 현 단계에서 예측 가능한 환경변화에 대한 대처능력이 제한적인 수준"
3928802821,8154758.0,중소기업,C3,2022-07-19,채무불이행 발생 가능성이 높아 향후 회복가능성이 낮고 적기 상환능력이 의심되는 수준으로 현금거래가 요망되는 위험 수준
1198105846,2651873.0,중소기업,B2,2022-07-19,"비교적 무난한 수준의 단기거래 신용능력을 보유하지만, 장래의 거래안정성에 다소 부정적인 요인이 내재되어 있는 수준"
2118807186,3029924.0,중소기업,A2,2022-07-19,"양호한 단기거래 신용능력을 보유하여, 채무불이행으로 인한 위험 가능성이 낮으며, 현 단계에서 합리적으로 예측 가능한 장래의 어떠한 환경변화에 대한 대처능력이 상당한 수준"
4968603600,6678159.0,중소기업,B3,2022-07-19,"단기간의 신용능력은 인정되지만, 향후 환경변화에 따른 지급확실성 저하 가능성이 상존하는 수준"
6258106030,6667207.0,중견기업,A2,2022-07-19,"양호한 단기거래 신용능력을 보유하여, 채무불이행으로 인한 위험 가능성이 낮으며, 현 단계에서 합리적으로 예측 가능한 장래의 어떠한 환경변화에 대한 대처능력이 상당한 수준"
5028106178,2880513.0,중소기업,C1,2022-07-19,"현재 수준에서 신용능력은 제한적이며, 장래 거래안정성 저하가능성이 예상되어 주의가 요망되는 수준"
6168105993,1679830.0,중소기업,C3,2022-07-19,채무불이행 발생 가능성이 높아 향후 회복가능성이 낮고 적기 상환능력이 의심되는 수준으로 현금거래가 요망되는 위험 수준
1138100401,1631880.0,대기업,B2,2022-07-19,"비교적 무난한 수준의 단기거래 신용능력을 보유하지만, 장래의 거래안정성에 다소 부정적인 요인이 내재되어 있는 수준"
4778609458,6068561.0,중소기업,B2,2022-07-19,"비교적 무난한 수준의 단기거래 신용능력을 보유하지만, 장래의 거래안정성에 다소 부정적인 요인이 내재되어 있는 수준"
2348109187,8406762.0,중소기업,A3,2022-05-15,"우위의 단기거래 신용능력이 인정되어, 채무불이행으로 인한 위험 가능성이 비교적 낮은 편이지만, 현 단계에서 예측 가능한 환경변화에 대한 대처능력이 제한적인 수준"
1248109214,1381942.0,중소기업,B2,2022-07-19,"비교적 무난한 수준의 단기거래 신용능력을 보유하지만, 장래의 거래안정성에 다소 부정적인 요인이 내재되어 있는 수준"
1058104650,2216238.0,중소기업,C2,2022-07-19,"채무불이행 발생 가능성을 내포하고 있으며, 상위등급에 비해 거래안정성이 매우 낮은 수준으로 경계가 요망되는 수준"
2948706763,8082748.0,중소기업,B1,2022-05-15,"적정 수준의 단기거래 신용능력을 보유하지만, 급격한 환경변화에 따라 거래안정성에 다소 영향 받을 가능성이 있는 수준"
1078701560,3980185.0,중소기업,A3,2022-02-15,"우위의 단기거래 신용능력이 인정되어, 채무불이행으로 인한 위험 가능성이 비교적 낮은 편이지만, 현 단계에서 예측 가능한 환경변화에 대한 대처능력이 제한적인 수준"
5038103784,1134389.0,중소기업,B2,2022-03-31,"비교적 무난한 수준의 단기거래 신용능력을 보유하지만, 장래의 거래안정성에 다소 부정적인 요인이 내재되어 있는 수준"
1268101064,1591014.0,중소기업,B1,2022-07-19,"적정 수준의 단기거래 신용능력을 보유하지만, 급격한 환경변화에 따라 거래안정성에 다소 영향 받을 가능성이 있는 수준"
1128103287,1311568.0,중소기업,B2,2022-07-19,"비교적 무난한 수준의 단기거래 신용능력을 보유하지만, 장래의 거래안정성에 다소 부정적인 요인이 내재되어 있는 수준"
1138606262,4212782.0,중소기업,C2,2022-07-19,"채무불이행 발생 가능성을 내포하고 있으며, 상위등급에 비해 거래안정성이 매우 낮은 수준으로 경계가 요망되는 수준"
1198608817,5911866.0,중소기업,B1,2022-07-19,"적정 수준의 단기거래 신용능력을 보유하지만, 급격한 환경변화에 따라 거래안정성에 다소 영향 받을 가능성이 있는 수준"
2868800206,6648069.0,중소기업,C3,2022-05-15,채무불이행 발생 가능성이 높아 향후 회복가능성이 낮고 적기 상환능력이 의심되는 수준으로 현금거래가 요망되는 위험 수준
8298105524,8411899.0,중소기업,C2,2022-07-19,"채무불이행 발생 가능성을 내포하고 있으며, 상위등급에 비해 거래안정성이 매우 낮은 수준으로 경계가 요망되는 수준"
3438601037,6403489.0,중소기업,C2,2022-07-19,"채무불이행 발생 가능성을 내포하고 있으며, 상위등급에 비해 거래안정성이 매우 낮은 수준으로 경계가 요망되는 수준"
6048608992,6743934.0,중소기업,B2,2022-07-19,"비교적 무난한 수준의 단기거래 신용능력을 보유하지만, 장래의 거래안정성에 다소 부정적인 요인이 내재되어 있는 수준"
3568609843,6655524.0,중소기업,B2,2022-07-19,"비교적 무난한 수준의 단기거래 신용능력을 보유하지만, 장래의 거래안정성에 다소 부정적인 요인이 내재되어 있는 수준"
1058702554,4064039.0,중소기업,C1,2022-02-15,"현재 수준에서 신용능력은 제한적이며, 장래 거래안정성 저하가능성이 예상되어 주의가 요망되는 수준"
2118703490,1484426.0,중소기업,A2,2022-07-19,"양호한 단기거래 신용능력을 보유하여, 채무불이행으로 인한 위험 가능성이 낮으며, 현 단계에서 합리적으로 예측 가능한 장래의 어떠한 환경변화에 대한 대처능력이 상당한 수준"
2628805749,8083059.0,중소기업,B2,2022-07-19,"비교적 무난한 수준의 단기거래 신용능력을 보유하지만, 장래의 거래안정성에 다소 부정적인 요인이 내재되어 있는 수준"
1058508517,5588918.0,중견기업,A1,2022-02-25,"최상위의 단기거래 신용능력을 보유하여, 채무불이행으로 인한 위험 가능성이 극히 낮으며, 현 단계에서 합리적으로 예측가능한 장래의 어떠한 환경변화에도 대처 가능한 초우량의 신용"
1058705840,4033063.0,중소기업,C2,2022-07-19,"채무불이행 발생 가능성을 내포하고 있으며, 상위등급에 비해 거래안정성이 매우 낮은 수준으로 경계가 요망되는 수준"
1168109438,1853975.0,중견기업,A3,2022-07-19,"우위의 단기거래 신용능력이 인정되어, 채무불이행으로 인한 위험 가능성이 비교적 낮은 편이지만, 현 단계에서 예측 가능한 환경변화에 대한 대처능력이 제한적인 수준"
1278109271,2183723.0,중소기업,A3,2022-07-19,"우위의 단기거래 신용능력이 인정되어, 채무불이행으로 인한 위험 가능성이 비교적 낮은 편이지만, 현 단계에서 예측 가능한 환경변화에 대한 대처능력이 제한적인 수준"
4098605363,5869172.0,중소기업,B3,2022-07-19,"단기간의 신용능력은 인정되지만, 향후 환경변화에 따른 지급확실성 저하 가능성이 상존하는 수준"
1208705528,2802786.0,중소기업,B3,2022-07-19,"단기간의 신용능력은 인정되지만, 향후 환경변화에 따른 지급확실성 저하 가능성이 상존하는 수준"
3108805485,6501526.0,중소기업,B3,2022-07-19,"단기간의 신용능력은 인정되지만, 향후 환경변화에 따른 지급확실성 저하 가능성이 상존하는 수준"
6098608511,5947220.0,중소기업,C1,2022-07-19,"현재 수준에서 신용능력은 제한적이며, 장래 거래안정성 저하가능성이 예상되어 주의가 요망되는 수준"
5038105226,1337612.0,중소기업,B2,2022-07-19,"비교적 무난한 수준의 단기거래 신용능력을 보유하지만, 장래의 거래안정성에 다소 부정적인 요인이 내재되어 있는 수준"
2068102739,1951597.0,중소기업,C3,2022-07-19,채무불이행 발생 가능성이 높아 향후 회복가능성이 낮고 적기 상환능력이 의심되는 수준으로 현금거래가 요망되는 위험 수준
7258809100,6527660.0,중소기업,C3,2022-07-19,채무불이행 발생 가능성이 높아 향후 회복가능성이 낮고 적기 상환능력이 의심되는 수준으로 현금거래가 요망되는 위험 수준
5028501397,3739527.0,대기업,B3,2022-07-19,"단기간의 신용능력은 인정되지만, 향후 환경변화에 따른 지급확실성 저하 가능성이 상존하는 수준"
2118700140,2940123.0,중소기업,C2,2022-07-19,"채무불이행 발생 가능성을 내포하고 있으며, 상위등급에 비해 거래안정성이 매우 낮은 수준으로 경계가 요망되는 수준"
2908708006,8018462.0,중소기업,B3,2022-07-19,"단기간의 신용능력은 인정되지만, 향후 환경변화에 따른 지급확실성 저하 가능성이 상존하는 수준"
1058706629,3722232.0,중소기업,B2,2022-07-19,"비교적 무난한 수준의 단기거래 신용능력을 보유하지만, 장래의 거래안정성에 다소 부정적인 요인이 내재되어 있는 수준"
1738704172,8582757.0,중소기업,B2,2022-05-15,"비교적 무난한 수준의 단기거래 신용능력을 보유하지만, 장래의 거래안정성에 다소 부정적인 요인이 내재되어 있는 수준"
2018103019,1170937.0,중소기업,C3,2022-07-19,채무불이행 발생 가능성이 높아 향후 회복가능성이 낮고 적기 상환능력이 의심되는 수준으로 현금거래가 요망되는 위험 수준
5148107924,4150488.0,중소기업,B2,2022-07-19,"비교적 무난한 수준의 단기거래 신용능력을 보유하지만, 장래의 거래안정성에 다소 부정적인 요인이 내재되어 있는 수준"
6138109862,2108743.0,중소기업,C3,2022-07-19,채무불이행 발생 가능성이 높아 향후 회복가능성이 낮고 적기 상환능력이 의심되는 수준으로 현금거래가 요망되는 위험 수준
3148103494,2628027.0,중소기업,B1,2022-07-19,"적정 수준의 단기거래 신용능력을 보유하지만, 급격한 환경변화에 따라 거래안정성에 다소 영향 받을 가능성이 있는 수준"
5298806590,6548930.0,중소기업,C2,2022-02-15,"채무불이행 발생 가능성을 내포하고 있으며, 상위등급에 비해 거래안정성이 매우 낮은 수준으로 경계가 요망되는 수준"
6078602983,5964632.0,중소기업,B3,2022-07-19,"단기간의 신용능력은 인정되지만, 향후 환경변화에 따른 지급확실성 저하 가능성이 상존하는 수준"
6168107274,3845591.0,중소기업,C1,2022-07-19,"현재 수준에서 신용능력은 제한적이며, 장래 거래안정성 저하가능성이 예상되어 주의가 요망되는 수준"
5168809767,8157388.0,중소기업,B2,2022-07-19,"비교적 무난한 수준의 단기거래 신용능력을 보유하지만, 장래의 거래안정성에 다소 부정적인 요인이 내재되어 있는 수준"
2278106676,1631646.0,중소기업,B1,2022-07-19,"적정 수준의 단기거래 신용능력을 보유하지만, 급격한 환경변화에 따라 거래안정성에 다소 영향 받을 가능성이 있는 수준"
1168100882,1442745.0,중소기업,B3,2022-07-19,"단기간의 신용능력은 인정되지만, 향후 환경변화에 따른 지급확실성 저하 가능성이 상존하는 수준"
2118706008,2461247.0,중소기업,B2,2022-07-19,"비교적 무난한 수준의 단기거래 신용능력을 보유하지만, 장래의 거래안정성에 다소 부정적인 요인이 내재되어 있는 수준"
1058604671,1546799.0,중소기업,C2,2022-02-15,"채무불이행 발생 가능성을 내포하고 있으며, 상위등급에 비해 거래안정성이 매우 낮은 수준으로 경계가 요망되는 수준"
1218108458,1248746.0,중소기업,B1,2022-07-19,"적정 수준의 단기거래 신용능력을 보유하지만, 급격한 환경변화에 따라 거래안정성에 다소 영향 받을 가능성이 있는 수준"
1358106639,2234001.0,중소기업,B1,2022-07-19,"적정 수준의 단기거래 신용능력을 보유하지만, 급격한 환경변화에 따라 거래안정성에 다소 영향 받을 가능성이 있는 수준"
1318107715,2516468.0,중소기업,A3,2022-07-19,"우위의 단기거래 신용능력이 인정되어, 채무불이행으로 인한 위험 가능성이 비교적 낮은 편이지만, 현 단계에서 예측 가능한 환경변화에 대한 대처능력이 제한적인 수준"
6448703152,6808543.0,중소기업,B2,2022-07-19,"비교적 무난한 수준의 단기거래 신용능력을 보유하지만, 장래의 거래안정성에 다소 부정적인 요인이 내재되어 있는 수준"
2208608809,1430518.0,중소기업,B3,2022-07-19,"단기간의 신용능력은 인정되지만, 향후 환경변화에 따른 지급확실성 저하 가능성이 상존하는 수준"
1058509564,3189922.0,대기업,D,2020-11-05,지급불능 상태의 매우 취약한 신용능력을 나타내어 적기 상환능력이 전무한 수준
3148104727,2263309.0,중소기업,B1,2022-07-19,"적정 수준의 단기거래 신용능력을 보유하지만, 급격한 환경변화에 따라 거래안정성에 다소 영향 받을 가능성이 있는 수준"
6028101326,3601583.0,중소기업,C1,2022-07-19,"현재 수준에서 신용능력은 제한적이며, 장래 거래안정성 저하가능성이 예상되어 주의가 요망되는 수준"
1068102837,1512048.0,중소기업,B1,2022-04-15,"적정 수준의 단기거래 신용능력을 보유하지만, 급격한 환경변화에 따라 거래안정성에 다소 영향 받을 가능성이 있는 수준"
5358807885,8849516.0,중소기업,C3,2022-02-15,채무불이행 발생 가능성이 높아 향후 회복가능성이 낮고 적기 상환능력이 의심되는 수준으로 현금거래가 요망되는 위험 수준
2078103330,8468841.0,중소기업,C1,2022-07-19,"현재 수준에서 신용능력은 제한적이며, 장래 거래안정성 저하가능성이 예상되어 주의가 요망되는 수준"
6218100467,3037722.0,중소기업,B1,2022-07-19,"적정 수준의 단기거래 신용능력을 보유하지만, 급격한 환경변화에 따라 거래안정성에 다소 영향 받을 가능성이 있는 수준"
4478800496,8596410.0,중소기업,C3,2022-07-19,채무불이행 발생 가능성이 높아 향후 회복가능성이 낮고 적기 상환능력이 의심되는 수준으로 현금거래가 요망되는 위험 수준
2208602749,1535095.0,중소기업,B1,2022-03-15,"적정 수준의 단기거래 신용능력을 보유하지만, 급격한 환경변화에 따라 거래안정성에 다소 영향 받을 가능성이 있는 수준"
1318608029,6027819.0,중소기업,C2,2022-07-19,"채무불이행 발생 가능성을 내포하고 있으며, 상위등급에 비해 거래안정성이 매우 낮은 수준으로 경계가 요망되는 수준"
3128101333,1144594.0,중소기업,A2,2022-07-19,"양호한 단기거래 신용능력을 보유하여, 채무불이행으로 인한 위험 가능성이 낮으며, 현 단계에서 합리적으로 예측 가능한 장래의 어떠한 환경변화에 대한 대처능력이 상당한 수준"
5098609784,6433015.0,중소기업,A3,2022-07-19,"우위의 단기거래 신용능력이 인정되어, 채무불이행으로 인한 위험 가능성이 비교적 낮은 편이지만, 현 단계에서 예측 가능한 환경변화에 대한 대처능력이 제한적인 수준"
1058507747,5629708.0,대기업,A1,2022-07-19,"최상위의 단기거래 신용능력을 보유하여, 채무불이행으로 인한 위험 가능성이 극히 낮으며, 현 단계에서 합리적으로 예측가능한 장래의 어떠한 환경변화에도 대처 가능한 초우량의 신용"
5048105991,1583244.0,중소기업,B2,2022-07-19,"비교적 무난한 수준의 단기거래 신용능력을 보유하지만, 장래의 거래안정성에 다소 부정적인 요인이 내재되어 있는 수준"
1058507476,5227016.0,중소기업,D,2022-01-05,지급불능 상태의 매우 취약한 신용능력을 나타내어 적기 상환능력이 전무한 수준
6818604335,7946803.0,중소기업,A3,2022-07-19,"우위의 단기거래 신용능력이 인정되어, 채무불이행으로 인한 위험 가능성이 비교적 낮은 편이지만, 현 단계에서 예측 가능한 환경변화에 대한 대처능력이 제한적인 수준"
1078802292,5959216.0,중소기업,B3,2022-07-19,"단기간의 신용능력은 인정되지만, 향후 환경변화에 따른 지급확실성 저하 가능성이 상존하는 수준"
1328103414,2725312.0,중소기업,B2,2022-07-19,"비교적 무난한 수준의 단기거래 신용능력을 보유하지만, 장래의 거래안정성에 다소 부정적인 요인이 내재되어 있는 수준"
4168107485,1269274.0,중소기업,B1,2022-07-19,"적정 수준의 단기거래 신용능력을 보유하지만, 급격한 환경변화에 따라 거래안정성에 다소 영향 받을 가능성이 있는 수준"
6168604716,5993170.0,중소기업,B3,2022-04-15,"단기간의 신용능력은 인정되지만, 향후 환경변화에 따른 지급확실성 저하 가능성이 상존하는 수준"
1058105828,1996686.0,중소기업,C3,2022-07-19,채무불이행 발생 가능성이 높아 향후 회복가능성이 낮고 적기 상환능력이 의심되는 수준으로 현금거래가 요망되는 위험 수준
8638702995,6798332.0,중소기업,B3,2022-07-19,"단기간의 신용능력은 인정되지만, 향후 환경변화에 따른 지급확실성 저하 가능성이 상존하는 수준"
1078703037,4064212.0,중소기업,B3,2022-07-19,"단기간의 신용능력은 인정되지만, 향후 환경변화에 따른 지급확실성 저하 가능성이 상존하는 수준"
1058806426,6065457.0,중소기업,B3,2022-07-19,"단기간의 신용능력은 인정되지만, 향후 환경변화에 따른 지급확실성 저하 가능성이 상존하는 수준"
1908104003,6650855.0,중소기업,B1,2022-07-19,"적정 수준의 단기거래 신용능력을 보유하지만, 급격한 환경변화에 따라 거래안정성에 다소 영향 받을 가능성이 있는 수준"
6268707874,8665270.0,중소기업,B1,2022-07-19,"적정 수준의 단기거래 신용능력을 보유하지만, 급격한 환경변화에 따라 거래안정성에 다소 영향 받을 가능성이 있는 수준"
5168805219,8233638.0,중소기업,C2,2022-05-15,"채무불이행 발생 가능성을 내포하고 있으며, 상위등급에 비해 거래안정성이 매우 낮은 수준으로 경계가 요망되는 수준"
1048102406,1175295.0,대기업,A2,2022-07-19,"양호한 단기거래 신용능력을 보유하여, 채무불이행으로 인한 위험 가능성이 낮으며, 현 단계에서 합리적으로 예측 가능한 장래의 어떠한 환경변화에 대한 대처능력이 상당한 수준"
4828703720,6658340.0,중소기업,B3,2022-07-19,"단기간의 신용능력은 인정되지만, 향후 환경변화에 따른 지급확실성 저하 가능성이 상존하는 수준"
3348108114,8643899.0,중소기업,B3,2022-02-15,"단기간의 신용능력은 인정되지만, 향후 환경변화에 따른 지급확실성 저하 가능성이 상존하는 수준"
6158108801,2461732.0,중소기업,B2,2022-07-19,"비교적 무난한 수준의 단기거래 신용능력을 보유하지만, 장래의 거래안정성에 다소 부정적인 요인이 내재되어 있는 수준"
7872806097,8666551.0,중소기업,C2,2022-01-15,"채무불이행 발생 가능성을 내포하고 있으며, 상위등급에 비해 거래안정성이 매우 낮은 수준으로 경계가 요망되는 수준"
1308601065,2944166.0,중소기업,B2,2022-07-19,"비교적 무난한 수준의 단기거래 신용능력을 보유하지만, 장래의 거래안정성에 다소 부정적인 요인이 내재되어 있는 수준"
4188100182,3199114.0,중소기업,C1,2022-07-19,"현재 수준에서 신용능력은 제한적이며, 장래 거래안정성 저하가능성이 예상되어 주의가 요망되는 수준"
2158603611,1650357.0,중소기업,C1,2022-07-19,"현재 수준에서 신용능력은 제한적이며, 장래 거래안정성 저하가능성이 예상되어 주의가 요망되는 수준"
1098107543,1395005.0,중소기업,B2,2022-07-19,"비교적 무난한 수준의 단기거래 신용능력을 보유하지만, 장래의 거래안정성에 다소 부정적인 요인이 내재되어 있는 수준"
1918608655,6411328.0,중소기업,C2,2022-07-19,"채무불이행 발생 가능성을 내포하고 있으며, 상위등급에 비해 거래안정성이 매우 낮은 수준으로 경계가 요망되는 수준"
3948803065,6961939.0,중소기업,B3,2022-02-15,"단기간의 신용능력은 인정되지만, 향후 환경변화에 따른 지급확실성 저하 가능성이 상존하는 수준"
3628601219,6527850.0,중소기업,A3,2022-02-15,"우위의 단기거래 신용능력이 인정되어, 채무불이행으로 인한 위험 가능성이 비교적 낮은 편이지만, 현 단계에서 예측 가능한 환경변화에 대한 대처능력이 제한적인 수준"
5048100554,3033607.0,중소기업,B2,2022-07-19,"비교적 무난한 수준의 단기거래 신용능력을 보유하지만, 장래의 거래안정성에 다소 부정적인 요인이 내재되어 있는 수준"
1148702687,5875608.0,중소기업,C2,2022-07-19,"채무불이행 발생 가능성을 내포하고 있으며, 상위등급에 비해 거래안정성이 매우 낮은 수준으로 경계가 요망되는 수준"
8038806231,8018581.0,중소기업,B3,2022-07-19,"단기간의 신용능력은 인정되지만, 향후 환경변화에 따른 지급확실성 저하 가능성이 상존하는 수준"
1058507878,3335674.0,대기업,A1,2022-02-25,"최상위의 단기거래 신용능력을 보유하여, 채무불이행으로 인한 위험 가능성이 극히 낮으며, 현 단계에서 합리적으로 예측가능한 장래의 어떠한 환경변화에도 대처 가능한 초우량의 신용"
3758605717,8991259.0,중소기업,B3,2022-07-19,"단기간의 신용능력은 인정되지만, 향후 환경변화에 따른 지급확실성 저하 가능성이 상존하는 수준"
2468702555,8476200.0,중소기업,B3,2022-07-19,"단기간의 신용능력은 인정되지만, 향후 환경변화에 따른 지급확실성 저하 가능성이 상존하는 수준"
1058700765,4196099.0,중소기업,C3,2022-07-19,채무불이행 발생 가능성이 높아 향후 회복가능성이 낮고 적기 상환능력이 의심되는 수준으로 현금거래가 요망되는 위험 수준
2118709053,1346277.0,중소기업,B2,2022-07-19,"비교적 무난한 수준의 단기거래 신용능력을 보유하지만, 장래의 거래안정성에 다소 부정적인 요인이 내재되어 있는 수준"
4928700306,8147142.0,중소기업,C2,2022-07-19,"채무불이행 발생 가능성을 내포하고 있으며, 상위등급에 비해 거래안정성이 매우 낮은 수준으로 경계가 요망되는 수준"
3088109764,1732994.0,중소기업,A2,2022-07-19,"양호한 단기거래 신용능력을 보유하여, 채무불이행으로 인한 위험 가능성이 낮으며, 현 단계에서 합리적으로 예측 가능한 장래의 어떠한 환경변화에 대한 대처능력이 상당한 수준"
2108102884,8510109.0,중소기업,C2,2022-07-19,"채무불이행 발생 가능성을 내포하고 있으며, 상위등급에 비해 거래안정성이 매우 낮은 수준으로 경계가 요망되는 수준"
2208100463,1831365.0,중소기업,B2,2022-05-15,"비교적 무난한 수준의 단기거래 신용능력을 보유하지만, 장래의 거래안정성에 다소 부정적인 요인이 내재되어 있는 수준"
3488602191,6786501.0,중소기업,A1,2022-07-19,"최상위의 단기거래 신용능력을 보유하여, 채무불이행으로 인한 위험 가능성이 극히 낮으며, 현 단계에서 합리적으로 예측가능한 장래의 어떠한 환경변화에도 대처 가능한 초우량의 신용"
4638703441,8534993.0,중소기업,B1,2022-07-19,"적정 수준의 단기거래 신용능력을 보유하지만, 급격한 환경변화에 따라 거래안정성에 다소 영향 받을 가능성이 있는 수준"
5038104677,2627227.0,중소기업,C1,2022-07-19,"현재 수준에서 신용능력은 제한적이며, 장래 거래안정성 저하가능성이 예상되어 주의가 요망되는 수준"
5068100403,1701333.0,중소기업,B3,2022-07-19,"단기간의 신용능력은 인정되지만, 향후 환경변화에 따른 지급확실성 저하 가능성이 상존하는 수준"
2778607578,6501962.0,중소기업,C2,2022-07-19,"채무불이행 발생 가능성을 내포하고 있으며, 상위등급에 비해 거래안정성이 매우 낮은 수준으로 경계가 요망되는 수준"
4138807623,9242654.0,중소기업,B3,2022-07-19,"단기간의 신용능력은 인정되지만, 향후 환경변화에 따른 지급확실성 저하 가능성이 상존하는 수준"
1198101437,1330372.0,중소기업,C1,2022-07-19,"현재 수준에서 신용능력은 제한적이며, 장래 거래안정성 저하가능성이 예상되어 주의가 요망되는 수준"
1058707137,3661419.0,중소기업,B2,2022-07-19,"비교적 무난한 수준의 단기거래 신용능력을 보유하지만, 장래의 거래안정성에 다소 부정적인 요인이 내재되어 있는 수준"
2018606014,3963920.0,중소기업,A3,2022-07-19,"우위의 단기거래 신용능력이 인정되어, 채무불이행으로 인한 위험 가능성이 비교적 낮은 편이지만, 현 단계에서 예측 가능한 환경변화에 대한 대처능력이 제한적인 수준"
1548705174,8061280.0,중소기업,C2,2022-07-19,"채무불이행 발생 가능성을 내포하고 있으며, 상위등급에 비해 거래안정성이 매우 낮은 수준으로 경계가 요망되는 수준"
2018209072,3081473.0,기타(비영리법인),A3,2022-05-15,"우위의 단기거래 신용능력이 인정되어, 채무불이행으로 인한 위험 가능성이 비교적 낮은 편이지만, 현 단계에서 예측 가능한 환경변화에 대한 대처능력이 제한적인 수준"
1058706120,3656857.0,중소기업,C1,2022-07-19,"현재 수준에서 신용능력은 제한적이며, 장래 거래안정성 저하가능성이 예상되어 주의가 요망되는 수준"
3018609433,4227521.0,중소기업,B2,2022-07-19,"비교적 무난한 수준의 단기거래 신용능력을 보유하지만, 장래의 거래안정성에 다소 부정적인 요인이 내재되어 있는 수준"
5178102643,6648019.0,중소기업,C2,2022-07-19,"채무불이행 발생 가능성을 내포하고 있으며, 상위등급에 비해 거래안정성이 매우 낮은 수준으로 경계가 요망되는 수준"
3128105298,2239483.0,중소기업,C1,2022-07-19,"현재 수준에서 신용능력은 제한적이며, 장래 거래안정성 저하가능성이 예상되어 주의가 요망되는 수준"
1208604628,1272243.0,대기업,A2,2022-07-19,"양호한 단기거래 신용능력을 보유하여, 채무불이행으로 인한 위험 가능성이 낮으며, 현 단계에서 합리적으로 예측 가능한 장래의 어떠한 환경변화에 대한 대처능력이 상당한 수준"
1050707660,3916337.0,중소기업,C2,2022-04-15,"채무불이행 발생 가능성을 내포하고 있으며, 상위등급에 비해 거래안정성이 매우 낮은 수준으로 경계가 요망되는 수준"
4688605061,8083872.0,중소기업,C1,2022-07-19,"현재 수준에서 신용능력은 제한적이며, 장래 거래안정성 저하가능성이 예상되어 주의가 요망되는 수준"
6128709531,8652878.0,중소기업,C3,2022-07-19,채무불이행 발생 가능성이 높아 향후 회복가능성이 낮고 적기 상환능력이 의심되는 수준으로 현금거래가 요망되는 위험 수준
1078701667,3964120.0,중소기업,B1,2022-07-19,"적정 수준의 단기거래 신용능력을 보유하지만, 급격한 환경변화에 따라 거래안정성에 다소 영향 받을 가능성이 있는 수준"
2068100437,1106416.0,중소기업,B1,2022-07-19,"적정 수준의 단기거래 신용능력을 보유하지만, 급격한 환경변화에 따라 거래안정성에 다소 영향 받을 가능성이 있는 수준"
2068100437,1106416.0,중소기업,B1,2022-05-15,"적정 수준의 단기거래 신용능력을 보유하지만, 급격한 환경변화에 따라 거래안정성에 다소 영향 받을 가능성이 있는 수준"
1098105339,1393329.0,중소기업,B2,2022-02-15,"비교적 무난한 수준의 단기거래 신용능력을 보유하지만, 장래의 거래안정성에 다소 부정적인 요인이 내재되어 있는 수준"
3168102443,1645038.0,중소기업,A3,2022-07-19,"우위의 단기거래 신용능력이 인정되어, 채무불이행으로 인한 위험 가능성이 비교적 낮은 편이지만, 현 단계에서 예측 가능한 환경변화에 대한 대처능력이 제한적인 수준"
6208104229,5881348.0,중소기업,C1,2022-07-19,"현재 수준에서 신용능력은 제한적이며, 장래 거래안정성 저하가능성이 예상되어 주의가 요망되는 수준"
1858809122,8717441.0,중소기업,C3,2022-07-19,채무불이행 발생 가능성이 높아 향후 회복가능성이 낮고 적기 상환능력이 의심되는 수준으로 현금거래가 요망되는 위험 수준
1858809122,8717441.0,중소기업,C3,2022-05-15,채무불이행 발생 가능성이 높아 향후 회복가능성이 낮고 적기 상환능력이 의심되는 수준으로 현금거래가 요망되는 위험 수준
5868704910,6661829.0,중소기업,C1,2022-07-19,"현재 수준에서 신용능력은 제한적이며, 장래 거래안정성 저하가능성이 예상되어 주의가 요망되는 수준"
1288607769,2591894.0,중소기업,B1,2022-07-19,"적정 수준의 단기거래 신용능력을 보유하지만, 급격한 환경변화에 따라 거래안정성에 다소 영향 받을 가능성이 있는 수준"
2208106126,1173466.0,중소기업,A3,2022-07-19,"우위의 단기거래 신용능력이 인정되어, 채무불이행으로 인한 위험 가능성이 비교적 낮은 편이지만, 현 단계에서 예측 가능한 환경변화에 대한 대처능력이 제한적인 수준"
2208802240,5748232.0,중소기업,B1,2022-07-19,"적정 수준의 단기거래 신용능력을 보유하지만, 급격한 환경변화에 따라 거래안정성에 다소 영향 받을 가능성이 있는 수준"
1148600150,2251973.0,중소기업,B1,2022-07-19,"적정 수준의 단기거래 신용능력을 보유하지만, 급격한 환경변화에 따라 거래안정성에 다소 영향 받을 가능성이 있는 수준"
1208100933,1547319.0,중소기업,B2,2022-07-19,"비교적 무난한 수준의 단기거래 신용능력을 보유하지만, 장래의 거래안정성에 다소 부정적인 요인이 내재되어 있는 수준"
2208601514,1773144.0,중소기업,A3,2022-07-19,"우위의 단기거래 신용능력이 인정되어, 채무불이행으로 인한 위험 가능성이 비교적 낮은 편이지만, 현 단계에서 예측 가능한 환경변화에 대한 대처능력이 제한적인 수준"
6228100218,8661412.0,중소기업,B2,2022-07-19,"비교적 무난한 수준의 단기거래 신용능력을 보유하지만, 장래의 거래안정성에 다소 부정적인 요인이 내재되어 있는 수준"
1100109231,6659517.0,중소기업,D,2021-12-21,지급불능 상태의 매우 취약한 신용능력을 나타내어 적기 상환능력이 전무한 수준
2788102428,9609028.0,중소기업,C2,2022-07-19,"채무불이행 발생 가능성을 내포하고 있으며, 상위등급에 비해 거래안정성이 매우 낮은 수준으로 경계가 요망되는 수준"
1608601680,6684964.0,중소기업,B1,2022-07-19,"적정 수준의 단기거래 신용능력을 보유하지만, 급격한 환경변화에 따라 거래안정성에 다소 영향 받을 가능성이 있는 수준"
1948106641,8173938.0,중소기업,C3,2022-07-19,채무불이행 발생 가능성이 높아 향후 회복가능성이 낮고 적기 상환능력이 의심되는 수준으로 현금거래가 요망되는 위험 수준
1048108186,2104103.0,중소기업,C1,2022-07-19,"현재 수준에서 신용능력은 제한적이며, 장래 거래안정성 저하가능성이 예상되어 주의가 요망되는 수준"
1308609622,4052728.0,중소기업,C2,2022-07-19,"채무불이행 발생 가능성을 내포하고 있으며, 상위등급에 비해 거래안정성이 매우 낮은 수준으로 경계가 요망되는 수준"
1058706134,3145021.0,중소기업,C2,2022-07-19,"채무불이행 발생 가능성을 내포하고 있으며, 상위등급에 비해 거래안정성이 매우 낮은 수준으로 경계가 요망되는 수준"
6418804560,8472910.0,중소기업,C2,2022-07-19,"채무불이행 발생 가능성을 내포하고 있으며, 상위등급에 비해 거래안정성이 매우 낮은 수준으로 경계가 요망되는 수준"
5158109071,1588232.0,중소기업,B2,2022-07-19,"비교적 무난한 수준의 단기거래 신용능력을 보유하지만, 장래의 거래안정성에 다소 부정적인 요인이 내재되어 있는 수준"
1208705502,4226900.0,중소기업,A3,2022-07-19,"우위의 단기거래 신용능력이 인정되어, 채무불이행으로 인한 위험 가능성이 비교적 낮은 편이지만, 현 단계에서 예측 가능한 환경변화에 대한 대처능력이 제한적인 수준"
1108508042,6403984.0,중소기업,C3,2022-02-23,채무불이행 발생 가능성이 높아 향후 회복가능성이 낮고 적기 상환능력이 의심되는 수준으로 현금거래가 요망되는 위험 수준
1258108980,1917628.0,중소기업,B1,2022-07-19,"적정 수준의 단기거래 신용능력을 보유하지만, 급격한 환경변화에 따라 거래안정성에 다소 영향 받을 가능성이 있는 수준"
1058107318,1122697.0,대기업,A2,2022-07-19,"양호한 단기거래 신용능력을 보유하여, 채무불이행으로 인한 위험 가능성이 낮으며, 현 단계에서 합리적으로 예측 가능한 장래의 어떠한 환경변화에 대한 대처능력이 상당한 수준"
2228102281,1412422.0,중견기업,B3,2022-03-19,"단기간의 신용능력은 인정되지만, 향후 환경변화에 따른 지급확실성 저하 가능성이 상존하는 수준"
2448602975,8537551.0,중소기업,C2,2022-02-15,"채무불이행 발생 가능성을 내포하고 있으며, 상위등급에 비해 거래안정성이 매우 낮은 수준으로 경계가 요망되는 수준"
1058607404,2154131.0,중소기업,C3,2022-02-15,채무불이행 발생 가능성이 높아 향후 회복가능성이 낮고 적기 상환능력이 의심되는 수준으로 현금거래가 요망되는 위험 수준
1078108720,1917953.0,중견기업,A2,2022-07-19,"양호한 단기거래 신용능력을 보유하여, 채무불이행으로 인한 위험 가능성이 낮으며, 현 단계에서 합리적으로 예측 가능한 장래의 어떠한 환경변화에 대한 대처능력이 상당한 수준"
1058605356,1273508.0,중소기업,B2,2022-02-15,"비교적 무난한 수준의 단기거래 신용능력을 보유하지만, 장래의 거래안정성에 다소 부정적인 요인이 내재되어 있는 수준"
4558602017,6546145.0,중소기업,C1,2022-07-19,"현재 수준에서 신용능력은 제한적이며, 장래 거래안정성 저하가능성이 예상되어 주의가 요망되는 수준"
1078707287,3176799.0,중소기업,B2,2022-07-19,"비교적 무난한 수준의 단기거래 신용능력을 보유하지만, 장래의 거래안정성에 다소 부정적인 요인이 내재되어 있는 수준"
4178601345,6391125.0,중소기업,B2,2022-07-19,"비교적 무난한 수준의 단기거래 신용능력을 보유하지만, 장래의 거래안정성에 다소 부정적인 요인이 내재되어 있는 수준"
1078604961,2709151.0,중소기업,B1,2022-07-19,"적정 수준의 단기거래 신용능력을 보유하지만, 급격한 환경변화에 따라 거래안정성에 다소 영향 받을 가능성이 있는 수준"
5028101193,2652239.0,중소기업,B1,2022-07-19,"적정 수준의 단기거래 신용능력을 보유하지만, 급격한 환경변화에 따라 거래안정성에 다소 영향 받을 가능성이 있는 수준"
6068608570,3697130.0,중소기업,A3,2022-07-19,"우위의 단기거래 신용능력이 인정되어, 채무불이행으로 인한 위험 가능성이 비교적 낮은 편이지만, 현 단계에서 예측 가능한 환경변화에 대한 대처능력이 제한적인 수준"
1178104194,2747112.0,중소기업,B1,2022-05-15,"적정 수준의 단기거래 신용능력을 보유하지만, 급격한 환경변화에 따라 거래안정성에 다소 영향 받을 가능성이 있는 수준"
1448104203,5889735.0,중소기업,C3,2022-07-19,채무불이행 발생 가능성이 높아 향후 회복가능성이 낮고 적기 상환능력이 의심되는 수준으로 현금거래가 요망되는 위험 수준
1248106395,1776931.0,중소기업,B2,2022-07-19,"비교적 무난한 수준의 단기거래 신용능력을 보유하지만, 장래의 거래안정성에 다소 부정적인 요인이 내재되어 있는 수준"
2018103854,1245020.0,중소기업,B1,2022-07-19,"적정 수준의 단기거래 신용능력을 보유하지만, 급격한 환경변화에 따라 거래안정성에 다소 영향 받을 가능성이 있는 수준"
1198105643,2629796.0,중소기업,B2,2022-07-19,"비교적 무난한 수준의 단기거래 신용능력을 보유하지만, 장래의 거래안정성에 다소 부정적인 요인이 내재되어 있는 수준"
6218100327,1811135.0,중소기업,B3,2022-07-19,"단기간의 신용능력은 인정되지만, 향후 환경변화에 따른 지급확실성 저하 가능성이 상존하는 수준"
5498606383,8874472.0,중소기업,C2,2022-07-19,"채무불이행 발생 가능성을 내포하고 있으며, 상위등급에 비해 거래안정성이 매우 낮은 수준으로 경계가 요망되는 수준"
5448105042,6805783.0,중소기업,C2,2022-02-15,"채무불이행 발생 가능성을 내포하고 있으며, 상위등급에 비해 거래안정성이 매우 낮은 수준으로 경계가 요망되는 수준"
1051903004,3023505.0,중소기업,C1,2022-05-15,"현재 수준에서 신용능력은 제한적이며, 장래 거래안정성 저하가능성이 예상되어 주의가 요망되는 수준"
1028101031,1856458.0,중소기업,B1,2021-12-31,"적정 수준의 단기거래 신용능력을 보유하지만, 급격한 환경변화에 따라 거래안정성에 다소 영향 받을 가능성이 있는 수준"
2208804142,4091517.0,중소기업,B1,2022-07-19,"적정 수준의 단기거래 신용능력을 보유하지만, 급격한 환경변화에 따라 거래안정성에 다소 영향 받을 가능성이 있는 수준"
2118800171,4064504.0,중소기업,B2,2022-07-19,"비교적 무난한 수준의 단기거래 신용능력을 보유하지만, 장래의 거래안정성에 다소 부정적인 요인이 내재되어 있는 수준"
6138108777,4044190.0,중소기업,B2,2022-07-19,"비교적 무난한 수준의 단기거래 신용능력을 보유하지만, 장래의 거래안정성에 다소 부정적인 요인이 내재되어 있는 수준"
1078701236,3666250.0,중소기업,C1,2022-07-19,"현재 수준에서 신용능력은 제한적이며, 장래 거래안정성 저하가능성이 예상되어 주의가 요망되는 수준"
6108609096,8232934.0,중소기업,B2,2022-07-19,"비교적 무난한 수준의 단기거래 신용능력을 보유하지만, 장래의 거래안정성에 다소 부정적인 요인이 내재되어 있는 수준"
2208600887,1738121.0,중소기업,B1,2022-07-19,"적정 수준의 단기거래 신용능력을 보유하지만, 급격한 환경변화에 따라 거래안정성에 다소 영향 받을 가능성이 있는 수준"
7848609534,8078589.0,중소기업,B3,2022-07-19,"단기간의 신용능력은 인정되지만, 향후 환경변화에 따른 지급확실성 저하 가능성이 상존하는 수준"
1078707040,3215527.0,중소기업,B3,2022-07-19,"단기간의 신용능력은 인정되지만, 향후 환경변화에 따른 지급확실성 저하 가능성이 상존하는 수준"
1018102876,1144503.0,중소기업,A2,2022-07-19,"양호한 단기거래 신용능력을 보유하여, 채무불이행으로 인한 위험 가능성이 낮으며, 현 단계에서 합리적으로 예측 가능한 장래의 어떠한 환경변화에 대한 대처능력이 상당한 수준"
5208607334,8766914.0,중소기업,A3,2022-07-19,"우위의 단기거래 신용능력이 인정되어, 채무불이행으로 인한 위험 가능성이 비교적 낮은 편이지만, 현 단계에서 예측 가능한 환경변화에 대한 대처능력이 제한적인 수준"
6138105607,3046430.0,중소기업,B3,2022-07-19,"단기간의 신용능력은 인정되지만, 향후 환경변화에 따른 지급확실성 저하 가능성이 상존하는 수준"
6168108369,1356552.0,중소기업,A3,2022-07-19,"우위의 단기거래 신용능력이 인정되어, 채무불이행으로 인한 위험 가능성이 비교적 낮은 편이지만, 현 단계에서 예측 가능한 환경변화에 대한 대처능력이 제한적인 수준"
2128102671,2248548.0,중소기업,B3,2022-07-19,"단기간의 신용능력은 인정되지만, 향후 환경변화에 따른 지급확실성 저하 가능성이 상존하는 수준"
2108104965,1596783.0,중소기업,B2,2022-07-19,"비교적 무난한 수준의 단기거래 신용능력을 보유하지만, 장래의 거래안정성에 다소 부정적인 요인이 내재되어 있는 수준"
2298109039,1120950.0,중소기업,B3,2022-07-19,"단기간의 신용능력은 인정되지만, 향후 환경변화에 따른 지급확실성 저하 가능성이 상존하는 수준"
2208706535,2911666.0,중소기업,B2,2022-07-19,"비교적 무난한 수준의 단기거래 신용능력을 보유하지만, 장래의 거래안정성에 다소 부정적인 요인이 내재되어 있는 수준"
1238600947,3675780.0,중소기업,B2,2022-07-19,"비교적 무난한 수준의 단기거래 신용능력을 보유하지만, 장래의 거래안정성에 다소 부정적인 요인이 내재되어 있는 수준"
4828106680,6961969.0,중소기업,B1,2022-07-19,"적정 수준의 단기거래 신용능력을 보유하지만, 급격한 환경변화에 따라 거래안정성에 다소 영향 받을 가능성이 있는 수준"
1058705752,4203606.0,중소기업,C1,2022-02-15,"현재 수준에서 신용능력은 제한적이며, 장래 거래안정성 저하가능성이 예상되어 주의가 요망되는 수준"
5588801424,6729405.0,중소기업,C1,2022-07-19,"현재 수준에서 신용능력은 제한적이며, 장래 거래안정성 저하가능성이 예상되어 주의가 요망되는 수준"
4108608256,3712495.0,중소기업,B2,2022-07-19,"비교적 무난한 수준의 단기거래 신용능력을 보유하지만, 장래의 거래안정성에 다소 부정적인 요인이 내재되어 있는 수준"
2214804948,7371344.0,중소기업,C3,2022-05-15,채무불이행 발생 가능성이 높아 향후 회복가능성이 낮고 적기 상환능력이 의심되는 수준으로 현금거래가 요망되는 위험 수준
5048100391,2777905.0,중소기업,B2,2022-07-19,"비교적 무난한 수준의 단기거래 신용능력을 보유하지만, 장래의 거래안정성에 다소 부정적인 요인이 내재되어 있는 수준"
7448802380,6508771.0,중소기업,B1,2022-01-15,"적정 수준의 단기거래 신용능력을 보유하지만, 급격한 환경변화에 따라 거래안정성에 다소 영향 받을 가능성이 있는 수준"
1378609645,8721488.0,중소기업,B2,2022-07-19,"비교적 무난한 수준의 단기거래 신용능력을 보유하지만, 장래의 거래안정성에 다소 부정적인 요인이 내재되어 있는 수준"
2308105852,4336818.0,중소기업,C3,2022-07-19,채무불이행 발생 가능성이 높아 향후 회복가능성이 낮고 적기 상환능력이 의심되는 수준으로 현금거래가 요망되는 위험 수준
5868806149,9035124.0,중소기업,C1,2022-02-16,"현재 수준에서 신용능력은 제한적이며, 장래 거래안정성 저하가능성이 예상되어 주의가 요망되는 수준"
1108105511,2726947.0,중소기업,C2,2022-07-19,"채무불이행 발생 가능성을 내포하고 있으며, 상위등급에 비해 거래안정성이 매우 낮은 수준으로 경계가 요망되는 수준"
1108105511,2726947.0,중소기업,B2,2022-02-15,"비교적 무난한 수준의 단기거래 신용능력을 보유하지만, 장래의 거래안정성에 다소 부정적인 요인이 내재되어 있는 수준"
2068106273,2209883.0,중소기업,B1,2022-07-19,"적정 수준의 단기거래 신용능력을 보유하지만, 급격한 환경변화에 따라 거래안정성에 다소 영향 받을 가능성이 있는 수준"
2068106273,2209883.0,중소기업,C2,2022-05-15,"채무불이행 발생 가능성을 내포하고 있으며, 상위등급에 비해 거래안정성이 매우 낮은 수준으로 경계가 요망되는 수준"
1148105254,1302254.0,중소기업,A3,2022-07-19,"우위의 단기거래 신용능력이 인정되어, 채무불이행으로 인한 위험 가능성이 비교적 낮은 편이지만, 현 단계에서 예측 가능한 환경변화에 대한 대처능력이 제한적인 수준"
2618106517,8920462.0,중소기업,B1,2022-07-19,"적정 수준의 단기거래 신용능력을 보유하지만, 급격한 환경변화에 따라 거래안정성에 다소 영향 받을 가능성이 있는 수준"
2018100108,1930472.0,중견기업,A3,2022-05-15,"우위의 단기거래 신용능력이 인정되어, 채무불이행으로 인한 위험 가능성이 비교적 낮은 편이지만, 현 단계에서 예측 가능한 환경변화에 대한 대처능력이 제한적인 수준"
5158107584,1169841.0,중소기업,C2,2022-07-19,"채무불이행 발생 가능성을 내포하고 있으며, 상위등급에 비해 거래안정성이 매우 낮은 수준으로 경계가 요망되는 수준"
5398708239,8082047.0,중소기업,A3,2022-07-19,"우위의 단기거래 신용능력이 인정되어, 채무불이행으로 인한 위험 가능성이 비교적 낮은 편이지만, 현 단계에서 예측 가능한 환경변화에 대한 대처능력이 제한적인 수준"
8201504110,8013858.0,중소기업,A1,2022-02-15,"최상위의 단기거래 신용능력을 보유하여, 채무불이행으로 인한 위험 가능성이 극히 낮으며, 현 단계에서 합리적으로 예측가능한 장래의 어떠한 환경변화에도 대처 가능한 초우량의 신용"
5298100361,6399411.0,중소기업,B2,2022-07-19,"비교적 무난한 수준의 단기거래 신용능력을 보유하지만, 장래의 거래안정성에 다소 부정적인 요인이 내재되어 있는 수준"
2068706365,6031806.0,중소기업,B2,2022-07-19,"비교적 무난한 수준의 단기거래 신용능력을 보유하지만, 장래의 거래안정성에 다소 부정적인 요인이 내재되어 있는 수준"
5188109310,6549460.0,중소기업,C1,2022-07-19,"현재 수준에서 신용능력은 제한적이며, 장래 거래안정성 저하가능성이 예상되어 주의가 요망되는 수준"
6088108068,4199553.0,중소기업,C2,2022-07-19,"채무불이행 발생 가능성을 내포하고 있으며, 상위등급에 비해 거래안정성이 매우 낮은 수준으로 경계가 요망되는 수준"
5038101656,2915685.0,중소기업,B3,2022-07-19,"단기간의 신용능력은 인정되지만, 향후 환경변화에 따른 지급확실성 저하 가능성이 상존하는 수준"
1238100946,1998974.0,중소기업,B1,2022-07-19,"적정 수준의 단기거래 신용능력을 보유하지만, 급격한 환경변화에 따라 거래안정성에 다소 영향 받을 가능성이 있는 수준"
1348105691,1406470.0,중소기업,B2,2022-07-19,"비교적 무난한 수준의 단기거래 신용능력을 보유하지만, 장래의 거래안정성에 다소 부정적인 요인이 내재되어 있는 수준"
2858103644,8077920.0,중소기업,C2,2022-07-19,"채무불이행 발생 가능성을 내포하고 있으며, 상위등급에 비해 거래안정성이 매우 낮은 수준으로 경계가 요망되는 수준"
1578800258,8355737.0,중소기업,A3,2022-07-19,"우위의 단기거래 신용능력이 인정되어, 채무불이행으로 인한 위험 가능성이 비교적 낮은 편이지만, 현 단계에서 예측 가능한 환경변화에 대한 대처능력이 제한적인 수준"
6168100157,4122242.0,중소기업,A3,2022-07-19,"우위의 단기거래 신용능력이 인정되어, 채무불이행으로 인한 위험 가능성이 비교적 낮은 편이지만, 현 단계에서 예측 가능한 환경변화에 대한 대처능력이 제한적인 수준"
1298104692,2189750.0,중소기업,A3,2022-07-19,"우위의 단기거래 신용능력이 인정되어, 채무불이행으로 인한 위험 가능성이 비교적 낮은 편이지만, 현 단계에서 예측 가능한 환경변화에 대한 대처능력이 제한적인 수준"
5778808419,8958137.0,중소기업,C3,2022-07-19,채무불이행 발생 가능성이 높아 향후 회복가능성이 낮고 적기 상환능력이 의심되는 수준으로 현금거래가 요망되는 위험 수준
2948706403,6798050.0,중소기업,B3,2022-05-15,"단기간의 신용능력은 인정되지만, 향후 환경변화에 따른 지급확실성 저하 가능성이 상존하는 수준"
2228807224,8536073.0,중소기업,C2,2022-07-19,"채무불이행 발생 가능성을 내포하고 있으며, 상위등급에 비해 거래안정성이 매우 낮은 수준으로 경계가 요망되는 수준"
1388105751,5839965.0,중소기업,C2,2022-07-19,"채무불이행 발생 가능성을 내포하고 있으며, 상위등급에 비해 거래안정성이 매우 낮은 수준으로 경계가 요망되는 수준"
2068109540,2252124.0,중소기업,A3,2022-07-19,"우위의 단기거래 신용능력이 인정되어, 채무불이행으로 인한 위험 가능성이 비교적 낮은 편이지만, 현 단계에서 예측 가능한 환경변화에 대한 대처능력이 제한적인 수준"
5088109998,1762917.0,중소기업,B1,2022-07-19,"적정 수준의 단기거래 신용능력을 보유하지만, 급격한 환경변화에 따라 거래안정성에 다소 영향 받을 가능성이 있는 수준"
1108101668,1719936.0,중소기업,A3,2022-07-19,"우위의 단기거래 신용능력이 인정되어, 채무불이행으로 인한 위험 가능성이 비교적 낮은 편이지만, 현 단계에서 예측 가능한 환경변화에 대한 대처능력이 제한적인 수준"
4298102550,6516664.0,중소기업,B1,2022-07-19,"적정 수준의 단기거래 신용능력을 보유하지만, 급격한 환경변화에 따라 거래안정성에 다소 영향 받을 가능성이 있는 수준"
2238104416,5968047.0,중소기업,C3,2022-07-19,채무불이행 발생 가능성이 높아 향후 회복가능성이 낮고 적기 상환능력이 의심되는 수준으로 현금거래가 요망되는 위험 수준
1138600836,3837222.0,중소기업,B1,2022-07-19,"적정 수준의 단기거래 신용능력을 보유하지만, 급격한 환경변화에 따라 거래안정성에 다소 영향 받을 가능성이 있는 수준"
1218107235,2759013.0,중소기업,C1,2022-07-19,"현재 수준에서 신용능력은 제한적이며, 장래 거래안정성 저하가능성이 예상되어 주의가 요망되는 수준"
1058602122,1186694.0,중소기업,A3,2022-07-19,"우위의 단기거래 신용능력이 인정되어, 채무불이행으로 인한 위험 가능성이 비교적 낮은 편이지만, 현 단계에서 예측 가능한 환경변화에 대한 대처능력이 제한적인 수준"
1052001244,6849537.0,중소기업,C2,2022-05-15,"채무불이행 발생 가능성을 내포하고 있으며, 상위등급에 비해 거래안정성이 매우 낮은 수준으로 경계가 요망되는 수준"
5148106179,4339848.0,중소기업,B2,2022-07-19,"비교적 무난한 수준의 단기거래 신용능력을 보유하지만, 장래의 거래안정성에 다소 부정적인 요인이 내재되어 있는 수준"
1058102584,1238193.0,중견기업,A3,2022-07-19,"우위의 단기거래 신용능력이 인정되어, 채무불이행으로 인한 위험 가능성이 비교적 낮은 편이지만, 현 단계에서 예측 가능한 환경변화에 대한 대처능력이 제한적인 수준"
1058703918,4176637.0,중소기업,C2,2022-02-15,"채무불이행 발생 가능성을 내포하고 있으며, 상위등급에 비해 거래안정성이 매우 낮은 수준으로 경계가 요망되는 수준"
1208800968,5893192.0,중소기업,B3,2022-07-19,"단기간의 신용능력은 인정되지만, 향후 환경변화에 따른 지급확실성 저하 가능성이 상존하는 수준"
1208508642,2312037.0,중견기업,B2,2022-07-19,"비교적 무난한 수준의 단기거래 신용능력을 보유하지만, 장래의 거래안정성에 다소 부정적인 요인이 내재되어 있는 수준"
1738106850,6658242.0,중소기업,C3,2022-05-17,채무불이행 발생 가능성이 높아 향후 회복가능성이 낮고 적기 상환능력이 의심되는 수준으로 현금거래가 요망되는 위험 수준
8808700839,8596136.0,대기업,A2,2022-07-19,"양호한 단기거래 신용능력을 보유하여, 채무불이행으로 인한 위험 가능성이 낮으며, 현 단계에서 합리적으로 예측 가능한 장래의 어떠한 환경변화에 대한 대처능력이 상당한 수준"
5778709699,8081851.0,중소기업,C3,2022-07-19,채무불이행 발생 가능성이 높아 향후 회복가능성이 낮고 적기 상환능력이 의심되는 수준으로 현금거래가 요망되는 위험 수준
3418804374,6652722.0,중소기업,C2,2022-07-19,"채무불이행 발생 가능성을 내포하고 있으며, 상위등급에 비해 거래안정성이 매우 낮은 수준으로 경계가 요망되는 수준"
2628104996,6555781.0,중소기업,B3,2022-04-15,"단기간의 신용능력은 인정되지만, 향후 환경변화에 따른 지급확실성 저하 가능성이 상존하는 수준"
4038108921,9461248.0,중소기업,B1,2022-07-19,"적정 수준의 단기거래 신용능력을 보유하지만, 급격한 환경변화에 따라 거래안정성에 다소 영향 받을 가능성이 있는 수준"
1208609720,2104738.0,중소기업,B1,2022-07-19,"적정 수준의 단기거래 신용능력을 보유하지만, 급격한 환경변화에 따라 거래안정성에 다소 영향 받을 가능성이 있는 수준"
1108106778,3744015.0,중소기업,B3,2022-07-19,"단기간의 신용능력은 인정되지만, 향후 환경변화에 따른 지급확실성 저하 가능성이 상존하는 수준"
1198208557,5349778.0,기타(비영리법인),C1,2022-07-19,"현재 수준에서 신용능력은 제한적이며, 장래 거래안정성 저하가능성이 예상되어 주의가 요망되는 수준"
3068104422,1230334.0,중견기업,B2,2022-07-19,"비교적 무난한 수준의 단기거래 신용능력을 보유하지만, 장래의 거래안정성에 다소 부정적인 요인이 내재되어 있는 수준"
7368609255,6645452.0,중소기업,B2,2022-07-19,"비교적 무난한 수준의 단기거래 신용능력을 보유하지만, 장래의 거래안정성에 다소 부정적인 요인이 내재되어 있는 수준"
6178601628,4167030.0,중소기업,C1,2022-07-19,"현재 수준에서 신용능력은 제한적이며, 장래 거래안정성 저하가능성이 예상되어 주의가 요망되는 수준"
1138603044,2777440.0,중소기업,A3,2022-07-19,"우위의 단기거래 신용능력이 인정되어, 채무불이행으로 인한 위험 가능성이 비교적 낮은 편이지만, 현 단계에서 예측 가능한 환경변화에 대한 대처능력이 제한적인 수준"
1101509961,2480384.0,중소기업,C1,2022-02-15,"현재 수준에서 신용능력은 제한적이며, 장래 거래안정성 저하가능성이 예상되어 주의가 요망되는 수준"
1108106958,1548120.0,중소기업,B1,2022-02-15,"적정 수준의 단기거래 신용능력을 보유하지만, 급격한 환경변화에 따라 거래안정성에 다소 영향 받을 가능성이 있는 수준"
5398802644,8354494.0,중소기업,C2,2022-07-19,"채무불이행 발생 가능성을 내포하고 있으며, 상위등급에 비해 거래안정성이 매우 낮은 수준으로 경계가 요망되는 수준"
1058209496,1924335.0,기타(비영리법인),A2,2022-04-15,"양호한 단기거래 신용능력을 보유하여, 채무불이행으로 인한 위험 가능성이 낮으며, 현 단계에서 합리적으로 예측 가능한 장래의 어떠한 환경변화에 대한 대처능력이 상당한 수준"
1138608609,5905859.0,중소기업,C1,2022-07-19,"현재 수준에서 신용능력은 제한적이며, 장래 거래안정성 저하가능성이 예상되어 주의가 요망되는 수준"
8238704576,8512104.0,중소기업,B3,2022-07-19,"단기간의 신용능력은 인정되지만, 향후 환경변화에 따른 지급확실성 저하 가능성이 상존하는 수준"
4028800777,6688336.0,중소기업,C2,2022-05-15,"채무불이행 발생 가능성을 내포하고 있으며, 상위등급에 비해 거래안정성이 매우 낮은 수준으로 경계가 요망되는 수준"
1288109987,2229255.0,중소기업,B2,2022-07-19,"비교적 무난한 수준의 단기거래 신용능력을 보유하지만, 장래의 거래안정성에 다소 부정적인 요인이 내재되어 있는 수준"
5028102262,2461634.0,중소기업,A2,2022-07-19,"양호한 단기거래 신용능력을 보유하여, 채무불이행으로 인한 위험 가능성이 낮으며, 현 단계에서 합리적으로 예측 가능한 장래의 어떠한 환경변화에 대한 대처능력이 상당한 수준"
6158100861,1847498.0,중소기업,A3,2022-07-19,"우위의 단기거래 신용능력이 인정되어, 채무불이행으로 인한 위험 가능성이 비교적 낮은 편이지만, 현 단계에서 예측 가능한 환경변화에 대한 대처능력이 제한적인 수준"
3358100443,6794367.0,중소기업,A1,2022-07-19,"최상위의 단기거래 신용능력을 보유하여, 채무불이행으로 인한 위험 가능성이 극히 낮으며, 현 단계에서 합리적으로 예측가능한 장래의 어떠한 환경변화에도 대처 가능한 초우량의 신용"
5188809064,8251335.0,중소기업,C2,2022-07-19,"채무불이행 발생 가능성을 내포하고 있으며, 상위등급에 비해 거래안정성이 매우 낮은 수준으로 경계가 요망되는 수준"
2068606866,4306136.0,중소기업,B3,2022-07-19,"단기간의 신용능력은 인정되지만, 향후 환경변화에 따른 지급확실성 저하 가능성이 상존하는 수준"
4178106521,1184868.0,중소기업,C2,2022-07-19,"채무불이행 발생 가능성을 내포하고 있으며, 상위등급에 비해 거래안정성이 매우 낮은 수준으로 경계가 요망되는 수준"
3068106161,1233329.0,중소기업,B2,2022-07-19,"비교적 무난한 수준의 단기거래 신용능력을 보유하지만, 장래의 거래안정성에 다소 부정적인 요인이 내재되어 있는 수준"
4988706295,8777763.0,중소기업,C1,2022-07-19,"현재 수준에서 신용능력은 제한적이며, 장래 거래안정성 저하가능성이 예상되어 주의가 요망되는 수준"
1018209933,3054960.0,기타(비영리법인),B2,2022-07-19,"비교적 무난한 수준의 단기거래 신용능력을 보유하지만, 장래의 거래안정성에 다소 부정적인 요인이 내재되어 있는 수준"
2208703115,3685189.0,중소기업,B2,2022-05-15,"비교적 무난한 수준의 단기거래 신용능력을 보유하지만, 장래의 거래안정성에 다소 부정적인 요인이 내재되어 있는 수준"
1058603005,2256097.0,중소기업,A3,2022-02-15,"우위의 단기거래 신용능력이 인정되어, 채무불이행으로 인한 위험 가능성이 비교적 낮은 편이지만, 현 단계에서 예측 가능한 환경변화에 대한 대처능력이 제한적인 수준"
3148608059,4157146.0,중소기업,C3,2022-07-19,채무불이행 발생 가능성이 높아 향후 회복가능성이 낮고 적기 상환능력이 의심되는 수준으로 현금거래가 요망되는 위험 수준
1108104989,2949791.0,중소기업,C2,2022-07-19,"채무불이행 발생 가능성을 내포하고 있으며, 상위등급에 비해 거래안정성이 매우 낮은 수준으로 경계가 요망되는 수준"
2018600469,3042698.0,중소기업,C3,2022-07-19,채무불이행 발생 가능성이 높아 향후 회복가능성이 낮고 적기 상환능력이 의심되는 수준으로 현금거래가 요망되는 위험 수준
1108103932,2753781.0,중견기업,A1,2022-07-19,"최상위의 단기거래 신용능력을 보유하여, 채무불이행으로 인한 위험 가능성이 극히 낮으며, 현 단계에서 합리적으로 예측가능한 장래의 어떠한 환경변화에도 대처 가능한 초우량의 신용"
1268602910,4144093.0,중소기업,B2,2022-07-19,"비교적 무난한 수준의 단기거래 신용능력을 보유하지만, 장래의 거래안정성에 다소 부정적인 요인이 내재되어 있는 수준"
3378803144,6814237.0,중소기업,B3,2022-07-19,"단기간의 신용능력은 인정되지만, 향후 환경변화에 따른 지급확실성 저하 가능성이 상존하는 수준"
4018107187,1251402.0,중소기업,A2,2022-07-19,"양호한 단기거래 신용능력을 보유하여, 채무불이행으로 인한 위험 가능성이 낮으며, 현 단계에서 합리적으로 예측 가능한 장래의 어떠한 환경변화에 대한 대처능력이 상당한 수준"
1058604302,2466127.0,중소기업,B1,2022-02-15,"적정 수준의 단기거래 신용능력을 보유하지만, 급격한 환경변화에 따라 거래안정성에 다소 영향 받을 가능성이 있는 수준"
1148509456,2309440.0,대기업,B1,2022-07-19,"적정 수준의 단기거래 신용능력을 보유하지만, 급격한 환경변화에 따라 거래안정성에 다소 영향 받을 가능성이 있는 수준"
2328800271,6662435.0,중소기업,C1,2022-07-19,"현재 수준에서 신용능력은 제한적이며, 장래 거래안정성 저하가능성이 예상되어 주의가 요망되는 수준"
2248102664,3914262.0,중소기업,C1,2022-07-19,"현재 수준에서 신용능력은 제한적이며, 장래 거래안정성 저하가능성이 예상되어 주의가 요망되는 수준"
1178104737,3744386.0,중소기업,C2,2022-07-19,"채무불이행 발생 가능성을 내포하고 있으며, 상위등급에 비해 거래안정성이 매우 낮은 수준으로 경계가 요망되는 수준"
2148100375,1392822.0,중소기업,B1,2022-07-19,"적정 수준의 단기거래 신용능력을 보유하지만, 급격한 환경변화에 따라 거래안정성에 다소 영향 받을 가능성이 있는 수준"
1138103801,1193461.0,중견기업,NG,2022-02-23,자료 불충분 및 제한으로 인한 등급부재
1058608217,2171136.0,중소기업,B3,2022-07-19,"단기간의 신용능력은 인정되지만, 향후 환경변화에 따른 지급확실성 저하 가능성이 상존하는 수준"
2118107654,1933995.0,중소기업,A3,2022-07-19,"우위의 단기거래 신용능력이 인정되어, 채무불이행으로 인한 위험 가능성이 비교적 낮은 편이지만, 현 단계에서 예측 가능한 환경변화에 대한 대처능력이 제한적인 수준"
4068809910,8262779.0,중소기업,B2,2022-07-19,"비교적 무난한 수준의 단기거래 신용능력을 보유하지만, 장래의 거래안정성에 다소 부정적인 요인이 내재되어 있는 수준"
8508600552,8432850.0,중소기업,C2,2022-07-19,"채무불이행 발생 가능성을 내포하고 있으며, 상위등급에 비해 거래안정성이 매우 낮은 수준으로 경계가 요망되는 수준"
1838600572,6531421.0,중소기업,B3,2022-05-15,"단기간의 신용능력은 인정되지만, 향후 환경변화에 따른 지급확실성 저하 가능성이 상존하는 수준"
5088102430,2799282.0,중소기업,C1,2022-07-19,"현재 수준에서 신용능력은 제한적이며, 장래 거래안정성 저하가능성이 예상되어 주의가 요망되는 수준"
3148109672,1473301.0,중소기업,B1,2022-07-19,"적정 수준의 단기거래 신용능력을 보유하지만, 급격한 환경변화에 따라 거래안정성에 다소 영향 받을 가능성이 있는 수준"
6458707812,8849402.0,중소기업,C2,2022-07-19,"채무불이행 발생 가능성을 내포하고 있으며, 상위등급에 비해 거래안정성이 매우 낮은 수준으로 경계가 요망되는 수준"
6098106553,1797089.0,중소기업,B1,2022-07-19,"적정 수준의 단기거래 신용능력을 보유하지만, 급격한 환경변화에 따라 거래안정성에 다소 영향 받을 가능성이 있는 수준"
6098106553,1797089.0,중소기업,B1,2022-03-15,"적정 수준의 단기거래 신용능력을 보유하지만, 급격한 환경변화에 따라 거래안정성에 다소 영향 받을 가능성이 있는 수준"
2088206973,2457746.0,기타(비영리법인),B3,2022-07-19,"단기간의 신용능력은 인정되지만, 향후 환경변화에 따른 지급확실성 저하 가능성이 상존하는 수준"
2498705693,6396839.0,중소기업,A3,2022-07-19,"우위의 단기거래 신용능력이 인정되어, 채무불이행으로 인한 위험 가능성이 비교적 낮은 편이지만, 현 단계에서 예측 가능한 환경변화에 대한 대처능력이 제한적인 수준"
4178107055,3253136.0,중소기업,B1,2022-07-19,"적정 수준의 단기거래 신용능력을 보유하지만, 급격한 환경변화에 따라 거래안정성에 다소 영향 받을 가능성이 있는 수준"
7108107098,6500997.0,중소기업,B3,2022-07-19,"단기간의 신용능력은 인정되지만, 향후 환경변화에 따른 지급확실성 저하 가능성이 상존하는 수준"
2288104493,1420373.0,중소기업,B1,2022-07-19,"적정 수준의 단기거래 신용능력을 보유하지만, 급격한 환경변화에 따라 거래안정성에 다소 영향 받을 가능성이 있는 수준"
2208705017,3045354.0,중소기업,C3,2022-07-19,채무불이행 발생 가능성이 높아 향후 회복가능성이 낮고 적기 상환능력이 의심되는 수준으로 현금거래가 요망되는 위험 수준
1050302894,1950176.0,중소기업,B2,2022-01-04,"비교적 무난한 수준의 단기거래 신용능력을 보유하지만, 장래의 거래안정성에 다소 부정적인 요인이 내재되어 있는 수준"
2208806851,3709979.0,중소기업,B2,2022-05-15,"비교적 무난한 수준의 단기거래 신용능력을 보유하지만, 장래의 거래안정성에 다소 부정적인 요인이 내재되어 있는 수준"
1048603338,2942389.0,중소기업,B2,2022-07-19,"비교적 무난한 수준의 단기거래 신용능력을 보유하지만, 장래의 거래안정성에 다소 부정적인 요인이 내재되어 있는 수준"
2018103615,2239199.0,중소기업,C2,2022-05-15,"채무불이행 발생 가능성을 내포하고 있으며, 상위등급에 비해 거래안정성이 매우 낮은 수준으로 경계가 요망되는 수준"
1058602865,1822678.0,중소기업,C3,2022-02-15,채무불이행 발생 가능성이 높아 향후 회복가능성이 낮고 적기 상환능력이 의심되는 수준으로 현금거래가 요망되는 위험 수준
4558600998,8771714.0,중소기업,C1,2022-07-19,"현재 수준에서 신용능력은 제한적이며, 장래 거래안정성 저하가능성이 예상되어 주의가 요망되는 수준"
6868603581,6432772.0,중소기업,B2,2022-07-19,"비교적 무난한 수준의 단기거래 신용능력을 보유하지만, 장래의 거래안정성에 다소 부정적인 요인이 내재되어 있는 수준"
1178105199,1349172.0,중소기업,B2,2022-07-19,"비교적 무난한 수준의 단기거래 신용능력을 보유하지만, 장래의 거래안정성에 다소 부정적인 요인이 내재되어 있는 수준"
6018603698,6824771.0,중소기업,B3,2022-07-19,"단기간의 신용능력은 인정되지만, 향후 환경변화에 따른 지급확실성 저하 가능성이 상존하는 수준"
3018606609,4046464.0,중소기업,C1,2022-07-19,"현재 수준에서 신용능력은 제한적이며, 장래 거래안정성 저하가능성이 예상되어 주의가 요망되는 수준"
2118801816,2926468.0,중소기업,C2,2022-07-19,"채무불이행 발생 가능성을 내포하고 있으며, 상위등급에 비해 거래안정성이 매우 낮은 수준으로 경계가 요망되는 수준"
2648706040,8476582.0,중소기업,B3,2022-07-19,"단기간의 신용능력은 인정되지만, 향후 환경변화에 따른 지급확실성 저하 가능성이 상존하는 수준"
8178704048,8261929.0,중소기업,B1,2022-07-19,"적정 수준의 단기거래 신용능력을 보유하지만, 급격한 환경변화에 따라 거래안정성에 다소 영향 받을 가능성이 있는 수준"
6028104022,1140926.0,중소기업,A3,2022-07-19,"우위의 단기거래 신용능력이 인정되어, 채무불이행으로 인한 위험 가능성이 비교적 낮은 편이지만, 현 단계에서 예측 가능한 환경변화에 대한 대처능력이 제한적인 수준"
5038103508,1502893.0,중소기업,B2,2022-03-31,"비교적 무난한 수준의 단기거래 신용능력을 보유하지만, 장래의 거래안정성에 다소 부정적인 요인이 내재되어 있는 수준"
2208104956,1307084.0,중견기업,A2,2022-07-19,"양호한 단기거래 신용능력을 보유하여, 채무불이행으로 인한 위험 가능성이 낮으며, 현 단계에서 합리적으로 예측 가능한 장래의 어떠한 환경변화에 대한 대처능력이 상당한 수준"
1088607306,4230144.0,중소기업,B2,2022-07-19,"비교적 무난한 수준의 단기거래 신용능력을 보유하지만, 장래의 거래안정성에 다소 부정적인 요인이 내재되어 있는 수준"
1058701356,2913840.0,중소기업,B3,2022-07-19,"단기간의 신용능력은 인정되지만, 향후 환경변화에 따른 지급확실성 저하 가능성이 상존하는 수준"
1058701356,2913840.0,중소기업,B2,2022-02-15,"비교적 무난한 수준의 단기거래 신용능력을 보유하지만, 장래의 거래안정성에 다소 부정적인 요인이 내재되어 있는 수준"
6888100348,8480066.0,중소기업,C2,2022-07-19,"채무불이행 발생 가능성을 내포하고 있으며, 상위등급에 비해 거래안정성이 매우 낮은 수준으로 경계가 요망되는 수준"
1019009613,2837673.0,중소기업,C3,2021-12-31,채무불이행 발생 가능성이 높아 향후 회복가능성이 낮고 적기 상환능력이 의심되는 수준으로 현금거래가 요망되는 위험 수준
2068105377,1618565.0,중소기업,B2,2022-07-19,"비교적 무난한 수준의 단기거래 신용능력을 보유하지만, 장래의 거래안정성에 다소 부정적인 요인이 내재되어 있는 수준"
1058607828,2104610.0,중소기업,B2,2022-02-15,"비교적 무난한 수준의 단기거래 신용능력을 보유하지만, 장래의 거래안정성에 다소 부정적인 요인이 내재되어 있는 수준"
6948805726,9059026.0,중소기업,B1,2022-03-15,"적정 수준의 단기거래 신용능력을 보유하지만, 급격한 환경변화에 따라 거래안정성에 다소 영향 받을 가능성이 있는 수준"
5978103724,6728402.0,중소기업,B3,2022-07-19,"단기간의 신용능력은 인정되지만, 향후 환경변화에 따른 지급확실성 저하 가능성이 상존하는 수준"
2208700528,2826958.0,중소기업,C2,2022-07-19,"채무불이행 발생 가능성을 내포하고 있으며, 상위등급에 비해 거래안정성이 매우 낮은 수준으로 경계가 요망되는 수준"
2158700954,3654265.0,중소기업,B1,2022-07-19,"적정 수준의 단기거래 신용능력을 보유하지만, 급격한 환경변화에 따라 거래안정성에 다소 영향 받을 가능성이 있는 수준"
6138107808,2114229.0,중소기업,C2,2022-07-19,"채무불이행 발생 가능성을 내포하고 있으며, 상위등급에 비해 거래안정성이 매우 낮은 수준으로 경계가 요망되는 수준"
3808100300,6681798.0,중소기업,C3,2022-07-19,채무불이행 발생 가능성이 높아 향후 회복가능성이 낮고 적기 상환능력이 의심되는 수준으로 현금거래가 요망되는 위험 수준
1078800396,5970040.0,중소기업,A3,2022-07-19,"우위의 단기거래 신용능력이 인정되어, 채무불이행으로 인한 위험 가능성이 비교적 낮은 편이지만, 현 단계에서 예측 가능한 환경변화에 대한 대처능력이 제한적인 수준"
2118808051,4003462.0,중소기업,C1,2022-07-19,"현재 수준에서 신용능력은 제한적이며, 장래 거래안정성 저하가능성이 예상되어 주의가 요망되는 수준"
1168107032,1208013.0,중소기업,B3,2022-07-19,"단기간의 신용능력은 인정되지만, 향후 환경변화에 따른 지급확실성 저하 가능성이 상존하는 수준"
1058608971,2247766.0,중소기업,A2,2022-02-15,"양호한 단기거래 신용능력을 보유하여, 채무불이행으로 인한 위험 가능성이 낮으며, 현 단계에서 합리적으로 예측 가능한 장래의 어떠한 환경변화에 대한 대처능력이 상당한 수준"
2208803076,3991690.0,중소기업,B2,2022-07-19,"비교적 무난한 수준의 단기거래 신용능력을 보유하지만, 장래의 거래안정성에 다소 부정적인 요인이 내재되어 있는 수준"
2208809323,4328315.0,중소기업,B1,2022-05-15,"적정 수준의 단기거래 신용능력을 보유하지만, 급격한 환경변화에 따라 거래안정성에 다소 영향 받을 가능성이 있는 수준"
1248608088,2106956.0,중소기업,C1,2022-07-19,"현재 수준에서 신용능력은 제한적이며, 장래 거래안정성 저하가능성이 예상되어 주의가 요망되는 수준"
2048600523,4026372.0,중소기업,B3,2022-05-15,"단기간의 신용능력은 인정되지만, 향후 환경변화에 따른 지급확실성 저하 가능성이 상존하는 수준"
1098608327,5883140.0,중소기업,C3,2022-07-19,채무불이행 발생 가능성이 높아 향후 회복가능성이 낮고 적기 상환능력이 의심되는 수준으로 현금거래가 요망되는 위험 수준
3318603402,6500891.0,중소기업,C3,2022-07-19,채무불이행 발생 가능성이 높아 향후 회복가능성이 낮고 적기 상환능력이 의심되는 수준으로 현금거래가 요망되는 위험 수준
6078101662,1832908.0,중견기업,A3,2022-07-19,"우위의 단기거래 신용능력이 인정되어, 채무불이행으로 인한 위험 가능성이 비교적 낮은 편이지만, 현 단계에서 예측 가능한 환경변화에 대한 대처능력이 제한적인 수준"
3908701330,6555301.0,중소기업,C1,2022-04-15,"현재 수준에서 신용능력은 제한적이며, 장래 거래안정성 저하가능성이 예상되어 주의가 요망되는 수준"
3018107949,3040104.0,중소기업,C2,2022-07-19,"채무불이행 발생 가능성을 내포하고 있으며, 상위등급에 비해 거래안정성이 매우 낮은 수준으로 경계가 요망되는 수준"
1058608273,1147941.0,중소기업,B1,2022-02-15,"적정 수준의 단기거래 신용능력을 보유하지만, 급격한 환경변화에 따라 거래안정성에 다소 영향 받을 가능성이 있는 수준"
5438707854,8235139.0,중소기업,B1,2022-07-19,"적정 수준의 단기거래 신용능력을 보유하지만, 급격한 환경변화에 따라 거래안정성에 다소 영향 받을 가능성이 있는 수준"
2108102535,4069513.0,중소기업,B1,2022-07-19,"적정 수준의 단기거래 신용능력을 보유하지만, 급격한 환경변화에 따라 거래안정성에 다소 영향 받을 가능성이 있는 수준"
6218105557,1555819.0,중소기업,A3,2022-07-19,"우위의 단기거래 신용능력이 인정되어, 채무불이행으로 인한 위험 가능성이 비교적 낮은 편이지만, 현 단계에서 예측 가능한 환경변화에 대한 대처능력이 제한적인 수준"
1828604420,6685117.0,중소기업,C2,2022-05-15,"채무불이행 발생 가능성을 내포하고 있으며, 상위등급에 비해 거래안정성이 매우 낮은 수준으로 경계가 요망되는 수준"
3168108311,2624408.0,중소기업,C2,2022-07-19,"채무불이행 발생 가능성을 내포하고 있으며, 상위등급에 비해 거래안정성이 매우 낮은 수준으로 경계가 요망되는 수준"
2118603310,1533081.0,중소기업,B1,2022-07-19,"적정 수준의 단기거래 신용능력을 보유하지만, 급격한 환경변화에 따라 거래안정성에 다소 영향 받을 가능성이 있는 수준"
4028103344,2591843.0,중소기업,B2,2022-07-19,"비교적 무난한 수준의 단기거래 신용능력을 보유하지만, 장래의 거래안정성에 다소 부정적인 요인이 내재되어 있는 수준"
3940206881,8306990.0,중소기업,B2,2022-02-15,"비교적 무난한 수준의 단기거래 신용능력을 보유하지만, 장래의 거래안정성에 다소 부정적인 요인이 내재되어 있는 수준"
1318102071,2794205.0,중소기업,B3,2022-07-19,"단기간의 신용능력은 인정되지만, 향후 환경변화에 따른 지급확실성 저하 가능성이 상존하는 수준"
1058106610,1660275.0,중소기업,B3,2022-07-19,"단기간의 신용능력은 인정되지만, 향후 환경변화에 따른 지급확실성 저하 가능성이 상존하는 수준"
2208804353,5945857.0,중소기업,C2,2022-05-15,"채무불이행 발생 가능성을 내포하고 있으며, 상위등급에 비해 거래안정성이 매우 낮은 수준으로 경계가 요망되는 수준"
7778803489,6790239.0,중소기업,C3,2022-07-19,채무불이행 발생 가능성이 높아 향후 회복가능성이 낮고 적기 상환능력이 의심되는 수준으로 현금거래가 요망되는 위험 수준
3018109833,1328862.0,중소기업,B3,2022-07-19,"단기간의 신용능력은 인정되지만, 향후 환경변화에 따른 지급확실성 저하 가능성이 상존하는 수준"
2678603673,6501188.0,중소기업,C2,2022-07-19,"채무불이행 발생 가능성을 내포하고 있으며, 상위등급에 비해 거래안정성이 매우 낮은 수준으로 경계가 요망되는 수준"
1278101314,1896775.0,중소기업,B1,2022-07-19,"적정 수준의 단기거래 신용능력을 보유하지만, 급격한 환경변화에 따라 거래안정성에 다소 영향 받을 가능성이 있는 수준"
8988702634,6681260.0,중소기업,B3,2022-07-19,"단기간의 신용능력은 인정되지만, 향후 환경변화에 따른 지급확실성 저하 가능성이 상존하는 수준"
8138702133,9050974.0,중소기업,A3,2022-07-19,"우위의 단기거래 신용능력이 인정되어, 채무불이행으로 인한 위험 가능성이 비교적 낮은 편이지만, 현 단계에서 예측 가능한 환경변화에 대한 대처능력이 제한적인 수준"
3128103694,1972433.0,중견기업,A2,2022-07-19,"양호한 단기거래 신용능력을 보유하여, 채무불이행으로 인한 위험 가능성이 낮으며, 현 단계에서 합리적으로 예측 가능한 장래의 어떠한 환경변화에 대한 대처능력이 상당한 수준"
6218108599,1735751.0,중소기업,A3,2022-07-19,"우위의 단기거래 신용능력이 인정되어, 채무불이행으로 인한 위험 가능성이 비교적 낮은 편이지만, 현 단계에서 예측 가능한 환경변화에 대한 대처능력이 제한적인 수준"
8198807887,6646786.0,중소기업,C1,2022-07-19,"현재 수준에서 신용능력은 제한적이며, 장래 거래안정성 저하가능성이 예상되어 주의가 요망되는 수준"
5428609023,8475876.0,중소기업,A3,2022-07-19,"우위의 단기거래 신용능력이 인정되어, 채무불이행으로 인한 위험 가능성이 비교적 낮은 편이지만, 현 단계에서 예측 가능한 환경변화에 대한 대처능력이 제한적인 수준"
5018101961,1432191.0,중소기업,B3,2022-07-19,"단기간의 신용능력은 인정되지만, 향후 환경변화에 따른 지급확실성 저하 가능성이 상존하는 수준"
7278606608,8014890.0,중소기업,C3,2022-07-19,채무불이행 발생 가능성이 높아 향후 회복가능성이 낮고 적기 상환능력이 의심되는 수준으로 현금거래가 요망되는 위험 수준
1018600452,3333789.0,중소기업,A1,2022-07-19,"최상위의 단기거래 신용능력을 보유하여, 채무불이행으로 인한 위험 가능성이 극히 낮으며, 현 단계에서 합리적으로 예측가능한 장래의 어떠한 환경변화에도 대처 가능한 초우량의 신용"
3138101406,5844308.0,중소기업,B3,2022-07-19,"단기간의 신용능력은 인정되지만, 향후 환경변화에 따른 지급확실성 저하 가능성이 상존하는 수준"
2248109906,5970730.0,중소기업,C3,2022-07-19,채무불이행 발생 가능성이 높아 향후 회복가능성이 낮고 적기 상환능력이 의심되는 수준으로 현금거래가 요망되는 위험 수준
6168101845,4018945.0,중소기업,B1,2022-07-19,"적정 수준의 단기거래 신용능력을 보유하지만, 급격한 환경변화에 따라 거래안정성에 다소 영향 받을 가능성이 있는 수준"
2138104193,1540082.0,중견기업,A2,2022-07-19,"양호한 단기거래 신용능력을 보유하여, 채무불이행으로 인한 위험 가능성이 낮으며, 현 단계에서 합리적으로 예측 가능한 장래의 어떠한 환경변화에 대한 대처능력이 상당한 수준"
2048607845,3693878.0,중소기업,C3,2022-07-19,채무불이행 발생 가능성이 높아 향후 회복가능성이 낮고 적기 상환능력이 의심되는 수준으로 현금거래가 요망되는 위험 수준
6298702761,9149399.0,중소기업,C2,2022-07-19,"채무불이행 발생 가능성을 내포하고 있으며, 상위등급에 비해 거래안정성이 매우 낮은 수준으로 경계가 요망되는 수준"
4028108394,2766018.0,중소기업,C1,2022-07-19,"현재 수준에서 신용능력은 제한적이며, 장래 거래안정성 저하가능성이 예상되어 주의가 요망되는 수준"
6038605838,8890239.0,중소기업,B1,2022-04-15,"적정 수준의 단기거래 신용능력을 보유하지만, 급격한 환경변화에 따라 거래안정성에 다소 영향 받을 가능성이 있는 수준"
1028202607,2470336.0,기타(비영리법인),B1,2022-07-19,"적정 수준의 단기거래 신용능력을 보유하지만, 급격한 환경변화에 따라 거래안정성에 다소 영향 받을 가능성이 있는 수준"
8288107821,8873606.0,중소기업,C2,2022-07-19,"채무불이행 발생 가능성을 내포하고 있으며, 상위등급에 비해 거래안정성이 매우 낮은 수준으로 경계가 요망되는 수준"
6168106406,2952214.0,중소기업,B3,2022-07-19,"단기간의 신용능력은 인정되지만, 향후 환경변화에 따른 지급확실성 저하 가능성이 상존하는 수준"
2358607514,6731223.0,중소기업,C3,2022-07-19,채무불이행 발생 가능성이 높아 향후 회복가능성이 낮고 적기 상환능력이 의심되는 수준으로 현금거래가 요망되는 위험 수준
1058605912,2269218.0,중소기업,A1,2022-02-15,"최상위의 단기거래 신용능력을 보유하여, 채무불이행으로 인한 위험 가능성이 극히 낮으며, 현 단계에서 합리적으로 예측가능한 장래의 어떠한 환경변화에도 대처 가능한 초우량의 신용"
1058608518,1592535.0,중소기업,C3,2022-07-19,채무불이행 발생 가능성이 높아 향후 회복가능성이 낮고 적기 상환능력이 의심되는 수준으로 현금거래가 요망되는 위험 수준
3018105948,2623082.0,중소기업,B2,2022-07-19,"비교적 무난한 수준의 단기거래 신용능력을 보유하지만, 장래의 거래안정성에 다소 부정적인 요인이 내재되어 있는 수준"
4088108255,2600528.0,중소기업,B3,2022-07-19,"단기간의 신용능력은 인정되지만, 향후 환경변화에 따른 지급확실성 저하 가능성이 상존하는 수준"
3148603245,3676303.0,중소기업,B2,2022-07-19,"비교적 무난한 수준의 단기거래 신용능력을 보유하지만, 장래의 거래안정성에 다소 부정적인 요인이 내재되어 있는 수준"
2318701032,8175576.0,중소기업,C2,2022-07-19,"채무불이행 발생 가능성을 내포하고 있으며, 상위등급에 비해 거래안정성이 매우 낮은 수준으로 경계가 요망되는 수준"
6998706440,8725013.0,중소기업,C2,2022-03-15,"채무불이행 발생 가능성을 내포하고 있으며, 상위등급에 비해 거래안정성이 매우 낮은 수준으로 경계가 요망되는 수준"
1018100845,1296507.0,중소기업,C1,2022-02-15,"현재 수준에서 신용능력은 제한적이며, 장래 거래안정성 저하가능성이 예상되어 주의가 요망되는 수준"
2508109993,6532226.0,중소기업,C1,2022-05-15,"현재 수준에서 신용능력은 제한적이며, 장래 거래안정성 저하가능성이 예상되어 주의가 요망되는 수준"
1208101164,1102805.0,중소기업,C1,2022-07-19,"현재 수준에서 신용능력은 제한적이며, 장래 거래안정성 저하가능성이 예상되어 주의가 요망되는 수준"
1048107173,1123969.0,중소기업,B2,2022-07-19,"비교적 무난한 수준의 단기거래 신용능력을 보유하지만, 장래의 거래안정성에 다소 부정적인 요인이 내재되어 있는 수준"
1068605640,2765495.0,중소기업,B1,2022-07-19,"적정 수준의 단기거래 신용능력을 보유하지만, 급격한 환경변화에 따라 거래안정성에 다소 영향 받을 가능성이 있는 수준"
1308600966,5918165.0,중소기업,B3,2022-07-19,"단기간의 신용능력은 인정되지만, 향후 환경변화에 따른 지급확실성 저하 가능성이 상존하는 수준"
1308601098,2656001.0,중소기업,A3,2022-07-19,"우위의 단기거래 신용능력이 인정되어, 채무불이행으로 인한 위험 가능성이 비교적 낮은 편이지만, 현 단계에서 예측 가능한 환경변화에 대한 대처능력이 제한적인 수준"
1178101481,2466357.0,중소기업,A3,2022-07-19,"우위의 단기거래 신용능력이 인정되어, 채무불이행으로 인한 위험 가능성이 비교적 낮은 편이지만, 현 단계에서 예측 가능한 환경변화에 대한 대처능력이 제한적인 수준"
3188107906,5918705.0,중소기업,B2,2022-07-19,"비교적 무난한 수준의 단기거래 신용능력을 보유하지만, 장래의 거래안정성에 다소 부정적인 요인이 내재되어 있는 수준"
2018102971,1494290.0,중소기업,C2,2022-07-19,"채무불이행 발생 가능성을 내포하고 있으며, 상위등급에 비해 거래안정성이 매우 낮은 수준으로 경계가 요망되는 수준"
3258604949,9003470.0,중소기업,C2,2022-07-19,"채무불이행 발생 가능성을 내포하고 있으며, 상위등급에 비해 거래안정성이 매우 낮은 수준으로 경계가 요망되는 수준"
1058604700,2103715.0,중소기업,B1,2022-02-15,"적정 수준의 단기거래 신용능력을 보유하지만, 급격한 환경변화에 따라 거래안정성에 다소 영향 받을 가능성이 있는 수준"
5918707721,6787908.0,중소기업,C2,2022-07-19,"채무불이행 발생 가능성을 내포하고 있으며, 상위등급에 비해 거래안정성이 매우 낮은 수준으로 경계가 요망되는 수준"
7928801914,6780530.0,중소기업,C3,2022-07-19,채무불이행 발생 가능성이 높아 향후 회복가능성이 낮고 적기 상환능력이 의심되는 수준으로 현금거래가 요망되는 위험 수준
2010406971,3540673.0,중소기업,B1,2022-05-15,"적정 수준의 단기거래 신용능력을 보유하지만, 급격한 환경변화에 따라 거래안정성에 다소 영향 받을 가능성이 있는 수준"
3208809059,8923069.0,중소기업,C2,2022-07-19,"채무불이행 발생 가능성을 내포하고 있으며, 상위등급에 비해 거래안정성이 매우 낮은 수준으로 경계가 요망되는 수준"
3168105177,2110091.0,중소기업,B2,2022-07-19,"비교적 무난한 수준의 단기거래 신용능력을 보유하지만, 장래의 거래안정성에 다소 부정적인 요인이 내재되어 있는 수준"
1108100877,1788667.0,중소기업,A2,2022-07-19,"양호한 단기거래 신용능력을 보유하여, 채무불이행으로 인한 위험 가능성이 낮으며, 현 단계에서 합리적으로 예측 가능한 장래의 어떠한 환경변화에 대한 대처능력이 상당한 수준"
5028101484,1287703.0,중소기업,A2,2022-07-19,"양호한 단기거래 신용능력을 보유하여, 채무불이행으로 인한 위험 가능성이 낮으며, 현 단계에서 합리적으로 예측 가능한 장래의 어떠한 환경변화에 대한 대처능력이 상당한 수준"
5148705170,8365058.0,중소기업,C3,2022-05-15,채무불이행 발생 가능성이 높아 향후 회복가능성이 낮고 적기 상환능력이 의심되는 수준으로 현금거래가 요망되는 위험 수준
4058607663,6657296.0,중소기업,C2,2022-07-19,"채무불이행 발생 가능성을 내포하고 있으며, 상위등급에 비해 거래안정성이 매우 낮은 수준으로 경계가 요망되는 수준"
5028106250,2467032.0,중소기업,C1,2022-07-19,"현재 수준에서 신용능력은 제한적이며, 장래 거래안정성 저하가능성이 예상되어 주의가 요망되는 수준"
2118804582,3619100.0,중소기업,B2,2022-07-19,"비교적 무난한 수준의 단기거래 신용능력을 보유하지만, 장래의 거래안정성에 다소 부정적인 요인이 내재되어 있는 수준"
1058702312,2796692.0,중소기업,C3,2022-02-15,채무불이행 발생 가능성이 높아 향후 회복가능성이 낮고 적기 상환능력이 의심되는 수준으로 현금거래가 요망되는 위험 수준
2208100380,1859883.0,대기업,A3,2022-07-19,"우위의 단기거래 신용능력이 인정되어, 채무불이행으로 인한 위험 가능성이 비교적 낮은 편이지만, 현 단계에서 예측 가능한 환경변화에 대한 대처능력이 제한적인 수준"
1378600707,5942311.0,중소기업,A3,2022-07-19,"우위의 단기거래 신용능력이 인정되어, 채무불이행으로 인한 위험 가능성이 비교적 낮은 편이지만, 현 단계에서 예측 가능한 환경변화에 대한 대처능력이 제한적인 수준"
1918100107,8174616.0,중소기업,B1,2022-05-15,"적정 수준의 단기거래 신용능력을 보유하지만, 급격한 환경변화에 따라 거래안정성에 다소 영향 받을 가능성이 있는 수준"
8698100951,8464564.0,중소기업,B3,2022-07-19,"단기간의 신용능력은 인정되지만, 향후 환경변화에 따른 지급확실성 저하 가능성이 상존하는 수준"
1028103524,1399882.0,중견기업,A3,2022-04-15,"우위의 단기거래 신용능력이 인정되어, 채무불이행으로 인한 위험 가능성이 비교적 낮은 편이지만, 현 단계에서 예측 가능한 환경변화에 대한 대처능력이 제한적인 수준"
6208104808,4329457.0,중소기업,B3,2022-07-19,"단기간의 신용능력은 인정되지만, 향후 환경변화에 따른 지급확실성 저하 가능성이 상존하는 수준"
1288108380,1191318.0,중소기업,C1,2022-07-19,"현재 수준에서 신용능력은 제한적이며, 장래 거래안정성 저하가능성이 예상되어 주의가 요망되는 수준"
3318702322,6551016.0,중소기업,A2,2022-07-19,"양호한 단기거래 신용능력을 보유하여, 채무불이행으로 인한 위험 가능성이 낮으며, 현 단계에서 합리적으로 예측 가능한 장래의 어떠한 환경변화에 대한 대처능력이 상당한 수준"
2118601290,1121098.0,중소기업,B1,2022-07-19,"적정 수준의 단기거래 신용능력을 보유하지만, 급격한 환경변화에 따라 거래안정성에 다소 영향 받을 가능성이 있는 수준"
1288803713,8439867.0,중소기업,C2,2022-07-19,"채무불이행 발생 가능성을 내포하고 있으며, 상위등급에 비해 거래안정성이 매우 낮은 수준으로 경계가 요망되는 수준"
1318105647,2182554.0,중소기업,C3,2022-07-19,채무불이행 발생 가능성이 높아 향후 회복가능성이 낮고 적기 상환능력이 의심되는 수준으로 현금거래가 요망되는 위험 수준
2148603649,1972367.0,중소기업,B2,2022-07-19,"비교적 무난한 수준의 단기거래 신용능력을 보유하지만, 장래의 거래안정성에 다소 부정적인 요인이 내재되어 있는 수준"
1198606385,3753714.0,중소기업,B2,2022-07-19,"비교적 무난한 수준의 단기거래 신용능력을 보유하지만, 장래의 거래안정성에 다소 부정적인 요인이 내재되어 있는 수준"
2298100025,1476281.0,중소기업,A3,2022-07-19,"우위의 단기거래 신용능력이 인정되어, 채무불이행으로 인한 위험 가능성이 비교적 낮은 편이지만, 현 단계에서 예측 가능한 환경변화에 대한 대처능력이 제한적인 수준"
3018109823,1307733.0,중소기업,B3,2022-07-19,"단기간의 신용능력은 인정되지만, 향후 환경변화에 따른 지급확실성 저하 가능성이 상존하는 수준"
2218100207,4182674.0,중소기업,B1,2022-07-19,"적정 수준의 단기거래 신용능력을 보유하지만, 급격한 환경변화에 따라 거래안정성에 다소 영향 받을 가능성이 있는 수준"
6168105556,3969640.0,중소기업,B2,2022-07-19,"비교적 무난한 수준의 단기거래 신용능력을 보유하지만, 장래의 거래안정성에 다소 부정적인 요인이 내재되어 있는 수준"
1050707225,2785416.0,중소기업,C2,2021-12-31,"채무불이행 발생 가능성을 내포하고 있으며, 상위등급에 비해 거래안정성이 매우 낮은 수준으로 경계가 요망되는 수준"
1348706104,4209878.0,중소기업,A3,2022-03-15,"우위의 단기거래 신용능력이 인정되어, 채무불이행으로 인한 위험 가능성이 비교적 낮은 편이지만, 현 단계에서 예측 가능한 환경변화에 대한 대처능력이 제한적인 수준"
4188107568,2950881.0,중소기업,A3,2022-07-19,"우위의 단기거래 신용능력이 인정되어, 채무불이행으로 인한 위험 가능성이 비교적 낮은 편이지만, 현 단계에서 예측 가능한 환경변화에 대한 대처능력이 제한적인 수준"
1168103071,1960954.0,중소기업,A3,2022-07-19,"우위의 단기거래 신용능력이 인정되어, 채무불이행으로 인한 위험 가능성이 비교적 낮은 편이지만, 현 단계에서 예측 가능한 환경변화에 대한 대처능력이 제한적인 수준"
1848807110,8063417.0,중소기업,C1,2022-07-19,"현재 수준에서 신용능력은 제한적이며, 장래 거래안정성 저하가능성이 예상되어 주의가 요망되는 수준"
1148804626,8433914.0,중소기업,B2,2022-07-19,"비교적 무난한 수준의 단기거래 신용능력을 보유하지만, 장래의 거래안정성에 다소 부정적인 요인이 내재되어 있는 수준"
1058608158,1906900.0,중소기업,B1,2022-07-19,"적정 수준의 단기거래 신용능력을 보유하지만, 급격한 환경변화에 따라 거래안정성에 다소 영향 받을 가능성이 있는 수준"
1058806037,6693130.0,중소기업,C3,2022-07-19,채무불이행 발생 가능성이 높아 향후 회복가능성이 낮고 적기 상환능력이 의심되는 수준으로 현금거래가 요망되는 위험 수준
2228102823,1791735.0,중소기업,B1,2022-07-19,"적정 수준의 단기거래 신용능력을 보유하지만, 급격한 환경변화에 따라 거래안정성에 다소 영향 받을 가능성이 있는 수준"
6408801425,6684496.0,중소기업,A3,2022-07-19,"우위의 단기거래 신용능력이 인정되어, 채무불이행으로 인한 위험 가능성이 비교적 낮은 편이지만, 현 단계에서 예측 가능한 환경변화에 대한 대처능력이 제한적인 수준"
2088206039,3085133.0,기타(비영리법인),B3,2022-07-19,"단기간의 신용능력은 인정되지만, 향후 환경변화에 따른 지급확실성 저하 가능성이 상존하는 수준"
4178105137,1892761.0,중소기업,B1,2022-07-19,"적정 수준의 단기거래 신용능력을 보유하지만, 급격한 환경변화에 따라 거래안정성에 다소 영향 받을 가능성이 있는 수준"
1058702426,5027499.0,중소기업,B1,2022-07-19,"적정 수준의 단기거래 신용능력을 보유하지만, 급격한 환경변화에 따라 거래안정성에 다소 영향 받을 가능성이 있는 수준"
1248708907,4192406.0,중소기업,B3,2022-07-19,"단기간의 신용능력은 인정되지만, 향후 환경변화에 따른 지급확실성 저하 가능성이 상존하는 수준"
6218103653,1512954.0,중소기업,B1,2022-07-19,"적정 수준의 단기거래 신용능력을 보유하지만, 급격한 환경변화에 따라 거래안정성에 다소 영향 받을 가능성이 있는 수준"
6158100791,1889262.0,중소기업,B3,2022-03-15,"단기간의 신용능력은 인정되지만, 향후 환경변화에 따른 지급확실성 저하 가능성이 상존하는 수준"
4348803347,8078191.0,중소기업,C3,2022-07-19,채무불이행 발생 가능성이 높아 향후 회복가능성이 낮고 적기 상환능력이 의심되는 수준으로 현금거래가 요망되는 위험 수준
6678709712,8847010.0,중소기업,B1,2022-07-19,"적정 수준의 단기거래 신용능력을 보유하지만, 급격한 환경변화에 따라 거래안정성에 다소 영향 받을 가능성이 있는 수준"
1108103286,1903240.0,중소기업,A2,2022-07-19,"양호한 단기거래 신용능력을 보유하여, 채무불이행으로 인한 위험 가능성이 낮으며, 현 단계에서 합리적으로 예측 가능한 장래의 어떠한 환경변화에 대한 대처능력이 상당한 수준"
1088603952,4202482.0,중견기업,B2,2022-07-19,"비교적 무난한 수준의 단기거래 신용능력을 보유하지만, 장래의 거래안정성에 다소 부정적인 요인이 내재되어 있는 수준"
1138600807,2603821.0,중소기업,A1,2022-07-19,"최상위의 단기거래 신용능력을 보유하여, 채무불이행으로 인한 위험 가능성이 극히 낮으며, 현 단계에서 합리적으로 예측가능한 장래의 어떠한 환경변화에도 대처 가능한 초우량의 신용"
5328709942,9448788.0,중소기업,B3,2022-07-19,"단기간의 신용능력은 인정되지만, 향후 환경변화에 따른 지급확실성 저하 가능성이 상존하는 수준"
1718607540,8156262.0,중소기업,B3,2022-07-19,"단기간의 신용능력은 인정되지만, 향후 환경변화에 따른 지급확실성 저하 가능성이 상존하는 수준"
1098603530,3756279.0,중소기업,C2,2022-07-19,"채무불이행 발생 가능성을 내포하고 있으며, 상위등급에 비해 거래안정성이 매우 낮은 수준으로 경계가 요망되는 수준"
6158608168,8535155.0,중소기업,C1,2022-03-15,"현재 수준에서 신용능력은 제한적이며, 장래 거래안정성 저하가능성이 예상되어 주의가 요망되는 수준"
8298802083,6497055.0,중소기업,C1,2022-07-19,"현재 수준에서 신용능력은 제한적이며, 장래 거래안정성 저하가능성이 예상되어 주의가 요망되는 수준"
1858602521,8090068.0,중소기업,B2,2022-07-19,"비교적 무난한 수준의 단기거래 신용능력을 보유하지만, 장래의 거래안정성에 다소 부정적인 요인이 내재되어 있는 수준"
2068102843,1397977.0,중견기업,A3,2022-07-19,"우위의 단기거래 신용능력이 인정되어, 채무불이행으로 인한 위험 가능성이 비교적 낮은 편이지만, 현 단계에서 예측 가능한 환경변화에 대한 대처능력이 제한적인 수준"
6168107692,1189353.0,중소기업,B2,2022-07-19,"비교적 무난한 수준의 단기거래 신용능력을 보유하지만, 장래의 거래안정성에 다소 부정적인 요인이 내재되어 있는 수준"
3148506198,3102879.0,중소기업,D,2021-01-13,지급불능 상태의 매우 취약한 신용능력을 나타내어 적기 상환능력이 전무한 수준
4178105489,1272408.0,중소기업,C2,2022-07-19,"채무불이행 발생 가능성을 내포하고 있으며, 상위등급에 비해 거래안정성이 매우 낮은 수준으로 경계가 요망되는 수준"
1108608136,4208801.0,중소기업,C2,2022-02-15,"채무불이행 발생 가능성을 내포하고 있으며, 상위등급에 비해 거래안정성이 매우 낮은 수준으로 경계가 요망되는 수준"
6148200106,8859511.0,기타(비영리법인),A1,2022-07-19,"최상위의 단기거래 신용능력을 보유하여, 채무불이행으로 인한 위험 가능성이 극히 낮으며, 현 단계에서 합리적으로 예측가능한 장래의 어떠한 환경변화에도 대처 가능한 초우량의 신용"
8168801836,6963151.0,중소기업,B2,2022-07-19,"비교적 무난한 수준의 단기거래 신용능력을 보유하지만, 장래의 거래안정성에 다소 부정적인 요인이 내재되어 있는 수준"
6218103520,2468316.0,중소기업,A2,2022-07-19,"양호한 단기거래 신용능력을 보유하여, 채무불이행으로 인한 위험 가능성이 낮으며, 현 단계에서 합리적으로 예측 가능한 장래의 어떠한 환경변화에 대한 대처능력이 상당한 수준"
6158105608,1611668.0,중소기업,B3,2022-07-19,"단기간의 신용능력은 인정되지만, 향후 환경변화에 따른 지급확실성 저하 가능성이 상존하는 수준"
3208803633,8016622.0,중소기업,B3,2022-07-19,"단기간의 신용능력은 인정되지만, 향후 환경변화에 따른 지급확실성 저하 가능성이 상존하는 수준"
3128106320,1861918.0,중소기업,B2,2022-05-15,"비교적 무난한 수준의 단기거래 신용능력을 보유하지만, 장래의 거래안정성에 다소 부정적인 요인이 내재되어 있는 수준"
1198602300,3892885.0,중소기업,C2,2022-07-19,"채무불이행 발생 가능성을 내포하고 있으며, 상위등급에 비해 거래안정성이 매우 낮은 수준으로 경계가 요망되는 수준"
2078106675,8592705.0,중소기업,C3,2022-05-15,채무불이행 발생 가능성이 높아 향후 회복가능성이 낮고 적기 상환능력이 의심되는 수준으로 현금거래가 요망되는 위험 수준
1358606761,3883768.0,중소기업,A3,2022-07-19,"우위의 단기거래 신용능력이 인정되어, 채무불이행으로 인한 위험 가능성이 비교적 낮은 편이지만, 현 단계에서 예측 가능한 환경변화에 대한 대처능력이 제한적인 수준"
4088101370,2242127.0,중소기업,B1,2022-07-19,"적정 수준의 단기거래 신용능력을 보유하지만, 급격한 환경변화에 따라 거래안정성에 다소 영향 받을 가능성이 있는 수준"
1308606586,3676017.0,중소기업,C3,2022-07-19,채무불이행 발생 가능성이 높아 향후 회복가능성이 낮고 적기 상환능력이 의심되는 수준으로 현금거래가 요망되는 위험 수준
1328600896,4167875.0,중소기업,B2,2022-07-19,"비교적 무난한 수준의 단기거래 신용능력을 보유하지만, 장래의 거래안정성에 다소 부정적인 요인이 내재되어 있는 수준"
5628108510,6559843.0,중소기업,C3,2022-02-15,채무불이행 발생 가능성이 높아 향후 회복가능성이 낮고 적기 상환능력이 의심되는 수준으로 현금거래가 요망되는 위험 수준
1208604751,1803254.0,중소기업,C2,2022-07-19,"채무불이행 발생 가능성을 내포하고 있으며, 상위등급에 비해 거래안정성이 매우 낮은 수준으로 경계가 요망되는 수준"
2618104590,7410457.0,중소기업,C2,2022-07-19,"채무불이행 발생 가능성을 내포하고 있으며, 상위등급에 비해 거래안정성이 매우 낮은 수준으로 경계가 요망되는 수준"
1288604680,3739423.0,중소기업,A3,2022-07-19,"우위의 단기거래 신용능력이 인정되어, 채무불이행으로 인한 위험 가능성이 비교적 낮은 편이지만, 현 단계에서 예측 가능한 환경변화에 대한 대처능력이 제한적인 수준"
6168606606,4336333.0,중소기업,C1,2022-07-19,"현재 수준에서 신용능력은 제한적이며, 장래 거래안정성 저하가능성이 예상되어 주의가 요망되는 수준"
2608602549,8231228.0,중소기업,C1,2022-07-19,"현재 수준에서 신용능력은 제한적이며, 장래 거래안정성 저하가능성이 예상되어 주의가 요망되는 수준"
1048102142,1782286.0,중소기업,B3,2021-12-31,"단기간의 신용능력은 인정되지만, 향후 환경변화에 따른 지급확실성 저하 가능성이 상존하는 수준"
6648802343,8163554.0,중소기업,B1,2022-07-19,"적정 수준의 단기거래 신용능력을 보유하지만, 급격한 환경변화에 따라 거래안정성에 다소 영향 받을 가능성이 있는 수준"
6078609702,4206511.0,중소기업,B3,2022-04-15,"단기간의 신용능력은 인정되지만, 향후 환경변화에 따른 지급확실성 저하 가능성이 상존하는 수준"
4028103921,4281310.0,중소기업,B3,2022-07-19,"단기간의 신용능력은 인정되지만, 향후 환경변화에 따른 지급확실성 저하 가능성이 상존하는 수준"
5338602162,8722304.0,중소기업,C3,2022-07-19,채무불이행 발생 가능성이 높아 향후 회복가능성이 낮고 적기 상환능력이 의심되는 수준으로 현금거래가 요망되는 위험 수준
1018200478,3989945.0,기타(비영리법인),B3,2022-07-19,"단기간의 신용능력은 인정되지만, 향후 환경변화에 따른 지급확실성 저하 가능성이 상존하는 수준"
1018606703,4220250.0,중소기업,A3,2022-07-19,"우위의 단기거래 신용능력이 인정되어, 채무불이행으로 인한 위험 가능성이 비교적 낮은 편이지만, 현 단계에서 예측 가능한 환경변화에 대한 대처능력이 제한적인 수준"
6598106579,6782216.0,중소기업,C3,2022-07-19,채무불이행 발생 가능성이 높아 향후 회복가능성이 낮고 적기 상환능력이 의심되는 수준으로 현금거래가 요망되는 위험 수준
1358105286,1986081.0,중소기업,B2,2022-07-19,"비교적 무난한 수준의 단기거래 신용능력을 보유하지만, 장래의 거래안정성에 다소 부정적인 요인이 내재되어 있는 수준"
8968106155,8781181.0,중소기업,C1,2022-07-19,"현재 수준에서 신용능력은 제한적이며, 장래 거래안정성 저하가능성이 예상되어 주의가 요망되는 수준"
4088102704,1914258.0,중소기업,B1,2022-07-19,"적정 수준의 단기거래 신용능력을 보유하지만, 급격한 환경변화에 따라 거래안정성에 다소 영향 받을 가능성이 있는 수준"
8648605805,6496112.0,중소기업,B2,2022-07-19,"비교적 무난한 수준의 단기거래 신용능력을 보유하지만, 장래의 거래안정성에 다소 부정적인 요인이 내재되어 있는 수준"
3651606112,8870090.0,중소기업,D,2021-06-17,지급불능 상태의 매우 취약한 신용능력을 나타내어 적기 상환능력이 전무한 수준
6168104023,2110075.0,중소기업,C1,2022-07-19,"현재 수준에서 신용능력은 제한적이며, 장래 거래안정성 저하가능성이 예상되어 주의가 요망되는 수준"
1108607711,5028049.0,중소기업,C2,2022-07-19,"채무불이행 발생 가능성을 내포하고 있으며, 상위등급에 비해 거래안정성이 매우 낮은 수준으로 경계가 요망되는 수준"
1198607101,5826573.0,중소기업,B2,2022-07-19,"비교적 무난한 수준의 단기거래 신용능력을 보유하지만, 장래의 거래안정성에 다소 부정적인 요인이 내재되어 있는 수준"
2248108056,2632326.0,중소기업,B1,2022-07-19,"적정 수준의 단기거래 신용능력을 보유하지만, 급격한 환경변화에 따라 거래안정성에 다소 영향 받을 가능성이 있는 수준"
1318606064,3602630.0,중소기업,C3,2022-07-19,채무불이행 발생 가능성이 높아 향후 회복가능성이 낮고 적기 상환능력이 의심되는 수준으로 현금거래가 요망되는 위험 수준
3878107920,8659743.0,중소기업,C2,2022-02-15,"채무불이행 발생 가능성을 내포하고 있으며, 상위등급에 비해 거래안정성이 매우 낮은 수준으로 경계가 요망되는 수준"
2128104372,3652697.0,중소기업,B2,2022-07-19,"비교적 무난한 수준의 단기거래 신용능력을 보유하지만, 장래의 거래안정성에 다소 부정적인 요인이 내재되어 있는 수준"
2208106283,1835837.0,중소기업,B3,2022-07-19,"단기간의 신용능력은 인정되지만, 향후 환경변화에 따른 지급확실성 저하 가능성이 상존하는 수준"
2208805572,4047533.0,중소기업,NG,2022-05-15,자료 불충분 및 제한으로 인한 등급부재
2208805572,4047533.0,중소기업,NG,2022-07-19,지급불능 상태의 매우 취약한 신용능력을 나타내어 적기 상환능력이 전무한 수준
3288606404,8536481.0,중소기업,C3,2022-07-19,채무불이행 발생 가능성이 높아 향후 회복가능성이 낮고 적기 상환능력이 의심되는 수준으로 현금거래가 요망되는 위험 수준
1128106619,1888844.0,중견기업,B1,2022-07-19,"적정 수준의 단기거래 신용능력을 보유하지만, 급격한 환경변화에 따라 거래안정성에 다소 영향 받을 가능성이 있는 수준"
1068602229,2741201.0,중소기업,C1,2022-07-19,"현재 수준에서 신용능력은 제한적이며, 장래 거래안정성 저하가능성이 예상되어 주의가 요망되는 수준"
1058701134,5852102.0,중소기업,A3,2022-07-19,"우위의 단기거래 신용능력이 인정되어, 채무불이행으로 인한 위험 가능성이 비교적 낮은 편이지만, 현 단계에서 예측 가능한 환경변화에 대한 대처능력이 제한적인 수준"
1078702538,4029933.0,중소기업,B1,2022-07-19,"적정 수준의 단기거래 신용능력을 보유하지만, 급격한 환경변화에 따라 거래안정성에 다소 영향 받을 가능성이 있는 수준"
1058707202,2883248.0,중소기업,C1,2022-07-19,"현재 수준에서 신용능력은 제한적이며, 장래 거래안정성 저하가능성이 예상되어 주의가 요망되는 수준"
6988607927,8439293.0,중소기업,C2,2022-07-19,"채무불이행 발생 가능성을 내포하고 있으며, 상위등급에 비해 거래안정성이 매우 낮은 수준으로 경계가 요망되는 수준"
2018605221,2820817.0,중소기업,C2,2022-05-15,"채무불이행 발생 가능성을 내포하고 있으며, 상위등급에 비해 거래안정성이 매우 낮은 수준으로 경계가 요망되는 수준"
6168102470,3715349.0,중소기업,B3,2022-07-19,"단기간의 신용능력은 인정되지만, 향후 환경변화에 따른 지급확실성 저하 가능성이 상존하는 수준"
1058600711,2643299.0,중소기업,B3,2022-07-19,"단기간의 신용능력은 인정되지만, 향후 환경변화에 따른 지급확실성 저하 가능성이 상존하는 수준"
3158109125,1195839.0,중소기업,B3,2022-07-19,"단기간의 신용능력은 인정되지만, 향후 환경변화에 따른 지급확실성 저하 가능성이 상존하는 수준"
1378106569,3681651.0,중소기업,C3,2022-07-19,채무불이행 발생 가능성이 높아 향후 회복가능성이 낮고 적기 상환능력이 의심되는 수준으로 현금거래가 요망되는 위험 수준
4188105024,1791648.0,중소기업,B1,2022-07-19,"적정 수준의 단기거래 신용능력을 보유하지만, 급격한 환경변화에 따라 거래안정성에 다소 영향 받을 가능성이 있는 수준"
1268101376,1904895.0,중소기업,C3,2022-07-19,채무불이행 발생 가능성이 높아 향후 회복가능성이 낮고 적기 상환능력이 의심되는 수준으로 현금거래가 요망되는 위험 수준
1178103090,5863694.0,중소기업,B1,2022-07-19,"적정 수준의 단기거래 신용능력을 보유하지만, 급격한 환경변화에 따라 거래안정성에 다소 영향 받을 가능성이 있는 수준"
5158106026,1789715.0,중소기업,C1,2022-07-19,"현재 수준에서 신용능력은 제한적이며, 장래 거래안정성 저하가능성이 예상되어 주의가 요망되는 수준"
2068606275,3698984.0,중소기업,B2,2022-07-19,"비교적 무난한 수준의 단기거래 신용능력을 보유하지만, 장래의 거래안정성에 다소 부정적인 요인이 내재되어 있는 수준"
1248600424,1251639.0,중소기업,B2,2022-07-19,"비교적 무난한 수준의 단기거래 신용능력을 보유하지만, 장래의 거래안정성에 다소 부정적인 요인이 내재되어 있는 수준"
3148105262,1169741.0,중소기업,B2,2022-07-19,"비교적 무난한 수준의 단기거래 신용능력을 보유하지만, 장래의 거래안정성에 다소 부정적인 요인이 내재되어 있는 수준"
3138109835,2789628.0,중소기업,B2,2022-07-19,"비교적 무난한 수준의 단기거래 신용능력을 보유하지만, 장래의 거래안정성에 다소 부정적인 요인이 내재되어 있는 수준"
6788805861,8507098.0,중소기업,C3,2022-07-19,채무불이행 발생 가능성이 높아 향후 회복가능성이 낮고 적기 상환능력이 의심되는 수준으로 현금거래가 요망되는 위험 수준
5188604076,6410056.0,중소기업,C3,2022-05-15,채무불이행 발생 가능성이 높아 향후 회복가능성이 낮고 적기 상환능력이 의심되는 수준으로 현금거래가 요망되는 위험 수준
5088104103,4055340.0,중소기업,C1,2022-07-19,"현재 수준에서 신용능력은 제한적이며, 장래 거래안정성 저하가능성이 예상되어 주의가 요망되는 수준"
2038101264,1476635.0,중소기업,B1,2022-07-19,"적정 수준의 단기거래 신용능력을 보유하지만, 급격한 환경변화에 따라 거래안정성에 다소 영향 받을 가능성이 있는 수준"
2018602630,4343703.0,중소기업,C3,2022-05-15,채무불이행 발생 가능성이 높아 향후 회복가능성이 낮고 적기 상환능력이 의심되는 수준으로 현금거래가 요망되는 위험 수준
1098106822,1694934.0,중소기업,B2,2022-07-19,"비교적 무난한 수준의 단기거래 신용능력을 보유하지만, 장래의 거래안정성에 다소 부정적인 요인이 내재되어 있는 수준"
2061106203,1635038.0,중소기업,B2,2022-05-15,"비교적 무난한 수준의 단기거래 신용능력을 보유하지만, 장래의 거래안정성에 다소 부정적인 요인이 내재되어 있는 수준"
1128208975,1162435.0,기타(비영리법인),C1,2022-07-19,"현재 수준에서 신용능력은 제한적이며, 장래 거래안정성 저하가능성이 예상되어 주의가 요망되는 수준"
6158102924,1969495.0,중소기업,B1,2022-07-19,"적정 수준의 단기거래 신용능력을 보유하지만, 급격한 환경변화에 따라 거래안정성에 다소 영향 받을 가능성이 있는 수준"
1010607727,5949807.0,중소기업,C3,2022-05-15,채무불이행 발생 가능성이 높아 향후 회복가능성이 낮고 적기 상환능력이 의심되는 수준으로 현금거래가 요망되는 위험 수준
1078804745,8514443.0,중소기업,B2,2022-02-15,"비교적 무난한 수준의 단기거래 신용능력을 보유하지만, 장래의 거래안정성에 다소 부정적인 요인이 내재되어 있는 수준"
7568808374,8172404.0,중소기업,B2,2022-07-19,"비교적 무난한 수준의 단기거래 신용능력을 보유하지만, 장래의 거래안정성에 다소 부정적인 요인이 내재되어 있는 수준"
4168107798,1563678.0,중소기업,B1,2022-07-19,"적정 수준의 단기거래 신용능력을 보유하지만, 급격한 환경변화에 따라 거래안정성에 다소 영향 받을 가능성이 있는 수준"
2708608614,6690895.0,중소기업,C1,2022-07-19,"현재 수준에서 신용능력은 제한적이며, 장래 거래안정성 저하가능성이 예상되어 주의가 요망되는 수준"
5138103373,1246767.0,중소기업,B2,2022-07-19,"비교적 무난한 수준의 단기거래 신용능력을 보유하지만, 장래의 거래안정성에 다소 부정적인 요인이 내재되어 있는 수준"
6218604183,5583908.0,중소기업,A3,2022-03-15,"우위의 단기거래 신용능력이 인정되어, 채무불이행으로 인한 위험 가능성이 비교적 낮은 편이지만, 현 단계에서 예측 가능한 환경변화에 대한 대처능력이 제한적인 수준"
2068105376,1908452.0,중소기업,B3,2022-07-19,"단기간의 신용능력은 인정되지만, 향후 환경변화에 따른 지급확실성 저하 가능성이 상존하는 수준"
3698807356,8719240.0,중소기업,C1,2022-03-31,"현재 수준에서 신용능력은 제한적이며, 장래 거래안정성 저하가능성이 예상되어 주의가 요망되는 수준"
1328100536,2713752.0,중소기업,B1,2022-07-19,"적정 수준의 단기거래 신용능력을 보유하지만, 급격한 환경변화에 따라 거래안정성에 다소 영향 받을 가능성이 있는 수준"
8158107819,9150156.0,중소기업,B1,2022-07-19,"적정 수준의 단기거래 신용능력을 보유하지만, 급격한 환경변화에 따라 거래안정성에 다소 영향 받을 가능성이 있는 수준"
1228603029,5876063.0,중소기업,B1,2022-07-19,"적정 수준의 단기거래 신용능력을 보유하지만, 급격한 환경변화에 따라 거래안정성에 다소 영향 받을 가능성이 있는 수준"
4908603255,9452741.0,중소기업,B2,2022-07-19,"비교적 무난한 수준의 단기거래 신용능력을 보유하지만, 장래의 거래안정성에 다소 부정적인 요인이 내재되어 있는 수준"
2548702447,8234820.0,중소기업,A3,2022-07-19,"우위의 단기거래 신용능력이 인정되어, 채무불이행으로 인한 위험 가능성이 비교적 낮은 편이지만, 현 단계에서 예측 가능한 환경변화에 대한 대처능력이 제한적인 수준"
1058604185,1449467.0,중소기업,B2,2022-02-15,"비교적 무난한 수준의 단기거래 신용능력을 보유하지만, 장래의 거래안정성에 다소 부정적인 요인이 내재되어 있는 수준"
2048204585,2110335.0,기타(비영리법인),C1,2022-05-15,"현재 수준에서 신용능력은 제한적이며, 장래 거래안정성 저하가능성이 예상되어 주의가 요망되는 수준"
2018606922,3963821.0,중소기업,C2,2022-07-19,"채무불이행 발생 가능성을 내포하고 있으며, 상위등급에 비해 거래안정성이 매우 낮은 수준으로 경계가 요망되는 수준"
2248102751,2226571.0,중소기업,A3,2022-07-19,"우위의 단기거래 신용능력이 인정되어, 채무불이행으로 인한 위험 가능성이 비교적 낮은 편이지만, 현 단계에서 예측 가능한 환경변화에 대한 대처능력이 제한적인 수준"
5528609487,9056104.0,중소기업,A3,2022-02-15,"우위의 단기거래 신용능력이 인정되어, 채무불이행으로 인한 위험 가능성이 비교적 낮은 편이지만, 현 단계에서 예측 가능한 환경변화에 대한 대처능력이 제한적인 수준"
6218109026,2911222.0,중소기업,B3,2022-07-19,"단기간의 신용능력은 인정되지만, 향후 환경변화에 따른 지급확실성 저하 가능성이 상존하는 수준"
1058607613,2642109.0,중소기업,B3,2022-07-19,"단기간의 신용능력은 인정되지만, 향후 환경변화에 따른 지급확실성 저하 가능성이 상존하는 수준"
1098101286,1875592.0,중소기업,B1,2022-07-19,"적정 수준의 단기거래 신용능력을 보유하지만, 급격한 환경변화에 따라 거래안정성에 다소 영향 받을 가능성이 있는 수준"
5618603349,8783540.0,중소기업,B3,2022-02-15,"단기간의 신용능력은 인정되지만, 향후 환경변화에 따른 지급확실성 저하 가능성이 상존하는 수준"
1048105613,1468296.0,중견기업,A2,2022-07-19,"양호한 단기거래 신용능력을 보유하여, 채무불이행으로 인한 위험 가능성이 낮으며, 현 단계에서 합리적으로 예측 가능한 장래의 어떠한 환경변화에 대한 대처능력이 상당한 수준"
4028102992,1900457.0,중소기업,B2,2022-04-15,"비교적 무난한 수준의 단기거래 신용능력을 보유하지만, 장래의 거래안정성에 다소 부정적인 요인이 내재되어 있는 수준"
2148600636,1404566.0,중소기업,B1,2022-07-19,"적정 수준의 단기거래 신용능력을 보유하지만, 급격한 환경변화에 따라 거래안정성에 다소 영향 받을 가능성이 있는 수준"
2208108986,1679635.0,중소기업,B3,2022-07-19,"단기간의 신용능력은 인정되지만, 향후 환경변화에 따른 지급확실성 저하 가능성이 상존하는 수준"
1148105777,1976867.0,중소기업,A3,2022-07-19,"우위의 단기거래 신용능력이 인정되어, 채무불이행으로 인한 위험 가능성이 비교적 낮은 편이지만, 현 단계에서 예측 가능한 환경변화에 대한 대처능력이 제한적인 수준"
1078802959,5993552.0,중소기업,C1,2022-07-19,"현재 수준에서 신용능력은 제한적이며, 장래 거래안정성 저하가능성이 예상되어 주의가 요망되는 수준"
1318105478,1929766.0,중소기업,A2,2022-07-19,"양호한 단기거래 신용능력을 보유하여, 채무불이행으로 인한 위험 가능성이 낮으며, 현 단계에서 합리적으로 예측 가능한 장래의 어떠한 환경변화에 대한 대처능력이 상당한 수준"
3218104483,6671647.0,중소기업,B2,2022-05-15,"비교적 무난한 수준의 단기거래 신용능력을 보유하지만, 장래의 거래안정성에 다소 부정적인 요인이 내재되어 있는 수준"
5608601744,8173884.0,중소기업,B2,2022-04-05,"비교적 무난한 수준의 단기거래 신용능력을 보유하지만, 장래의 거래안정성에 다소 부정적인 요인이 내재되어 있는 수준"
3788606613,8846482.0,중소기업,B2,2022-07-19,"비교적 무난한 수준의 단기거래 신용능력을 보유하지만, 장래의 거래안정성에 다소 부정적인 요인이 내재되어 있는 수준"
1050405808,6844518.0,중소기업,C2,2021-12-31,"채무불이행 발생 가능성을 내포하고 있으며, 상위등급에 비해 거래안정성이 매우 낮은 수준으로 경계가 요망되는 수준"
5298708211,6748905.0,중소기업,B3,2022-07-19,"단기간의 신용능력은 인정되지만, 향후 환경변화에 따른 지급확실성 저하 가능성이 상존하는 수준"
2148708825,2466134.0,중소기업,A3,2022-07-19,"우위의 단기거래 신용능력이 인정되어, 채무불이행으로 인한 위험 가능성이 비교적 낮은 편이지만, 현 단계에서 예측 가능한 환경변화에 대한 대처능력이 제한적인 수준"
6218100018,1592695.0,중소기업,B2,2022-07-19,"비교적 무난한 수준의 단기거래 신용능력을 보유하지만, 장래의 거래안정성에 다소 부정적인 요인이 내재되어 있는 수준"
8938102715,6746888.0,중소기업,C2,2022-07-19,"채무불이행 발생 가능성을 내포하고 있으며, 상위등급에 비해 거래안정성이 매우 낮은 수준으로 경계가 요망되는 수준"
2208108807,1696775.0,중소기업,B1,2022-07-19,"적정 수준의 단기거래 신용능력을 보유하지만, 급격한 환경변화에 따라 거래안정성에 다소 영향 받을 가능성이 있는 수준"
1058601950,2220759.0,중소기업,A3,2022-02-15,"우위의 단기거래 신용능력이 인정되어, 채무불이행으로 인한 위험 가능성이 비교적 낮은 편이지만, 현 단계에서 예측 가능한 환경변화에 대한 대처능력이 제한적인 수준"
5028608299,3669220.0,중소기업,B1,2022-07-19,"적정 수준의 단기거래 신용능력을 보유하지만, 급격한 환경변화에 따라 거래안정성에 다소 영향 받을 가능성이 있는 수준"
6218102264,4046730.0,중소기업,B1,2022-07-19,"적정 수준의 단기거래 신용능력을 보유하지만, 급격한 환경변화에 따라 거래안정성에 다소 영향 받을 가능성이 있는 수준"
2068606813,4087130.0,중소기업,B3,2022-07-19,"단기간의 신용능력은 인정되지만, 향후 환경변화에 따른 지급확실성 저하 가능성이 상존하는 수준"
2068607458,3667520.0,중소기업,B2,2022-07-19,"비교적 무난한 수준의 단기거래 신용능력을 보유하지만, 장래의 거래안정성에 다소 부정적인 요인이 내재되어 있는 수준"
1198606041,4083307.0,중소기업,B3,2022-07-19,"단기간의 신용능력은 인정되지만, 향후 환경변화에 따른 지급확실성 저하 가능성이 상존하는 수준"
1048100901,1725395.0,중소기업,A3,2021-12-31,"우위의 단기거래 신용능력이 인정되어, 채무불이행으로 인한 위험 가능성이 비교적 낮은 편이지만, 현 단계에서 예측 가능한 환경변화에 대한 대처능력이 제한적인 수준"
1208107139,1179584.0,중소기업,A3,2022-07-19,"우위의 단기거래 신용능력이 인정되어, 채무불이행으로 인한 위험 가능성이 비교적 낮은 편이지만, 현 단계에서 예측 가능한 환경변화에 대한 대처능력이 제한적인 수준"
5048101128,1467073.0,중소기업,A3,2022-07-19,"우위의 단기거래 신용능력이 인정되어, 채무불이행으로 인한 위험 가능성이 비교적 낮은 편이지만, 현 단계에서 예측 가능한 환경변화에 대한 대처능력이 제한적인 수준"
2148604846,1933303.0,중소기업,B2,2022-03-15,"비교적 무난한 수준의 단기거래 신용능력을 보유하지만, 장래의 거래안정성에 다소 부정적인 요인이 내재되어 있는 수준"
1448101969,6408615.0,중소기업,B3,2022-07-19,"단기간의 신용능력은 인정되지만, 향후 환경변화에 따른 지급확실성 저하 가능성이 상존하는 수준"
2048600629,4324739.0,중소기업,C1,2022-07-19,"현재 수준에서 신용능력은 제한적이며, 장래 거래안정성 저하가능성이 예상되어 주의가 요망되는 수준"
3108807969,8239974.0,중소기업,C3,2022-05-15,채무불이행 발생 가능성이 높아 향후 회복가능성이 낮고 적기 상환능력이 의심되는 수준으로 현금거래가 요망되는 위험 수준
3528809818,9315822.0,중소기업,B3,2022-07-19,"단기간의 신용능력은 인정되지만, 향후 환경변화에 따른 지급확실성 저하 가능성이 상존하는 수준"
1168100585,1138423.0,중소기업,B1,2022-07-19,"적정 수준의 단기거래 신용능력을 보유하지만, 급격한 환경변화에 따라 거래안정성에 다소 영향 받을 가능성이 있는 수준"
3148608041,5844843.0,중소기업,C2,2022-07-19,"채무불이행 발생 가능성을 내포하고 있으며, 상위등급에 비해 거래안정성이 매우 낮은 수준으로 경계가 요망되는 수준"
3018108332,1111812.0,중소기업,C1,2022-07-19,"현재 수준에서 신용능력은 제한적이며, 장래 거래안정성 저하가능성이 예상되어 주의가 요망되는 수준"
2048802791,8411622.0,중소기업,B1,2022-07-19,"적정 수준의 단기거래 신용능력을 보유하지만, 급격한 환경변화에 따라 거래안정성에 다소 영향 받을 가능성이 있는 수준"
8788107611,6782050.0,중소기업,C2,2022-07-19,"채무불이행 발생 가능성을 내포하고 있으며, 상위등급에 비해 거래안정성이 매우 낮은 수준으로 경계가 요망되는 수준"
8918808999,6414796.0,중소기업,C2,2022-07-19,"채무불이행 발생 가능성을 내포하고 있으며, 상위등급에 비해 거래안정성이 매우 낮은 수준으로 경계가 요망되는 수준"
1208609745,1348322.0,중소기업,A3,2022-07-19,"우위의 단기거래 신용능력이 인정되어, 채무불이행으로 인한 위험 가능성이 비교적 낮은 편이지만, 현 단계에서 예측 가능한 환경변화에 대한 대처능력이 제한적인 수준"
1048607592,4058773.0,중소기업,C2,2022-07-19,"채무불이행 발생 가능성을 내포하고 있으며, 상위등급에 비해 거래안정성이 매우 낮은 수준으로 경계가 요망되는 수준"
6218605206,5994960.0,중소기업,C2,2022-07-19,"채무불이행 발생 가능성을 내포하고 있으며, 상위등급에 비해 거래안정성이 매우 낮은 수준으로 경계가 요망되는 수준"
1098603741,5864988.0,중소기업,C2,2022-07-19,"채무불이행 발생 가능성을 내포하고 있으며, 상위등급에 비해 거래안정성이 매우 낮은 수준으로 경계가 요망되는 수준"
1058705300,3751153.0,중견기업,B1,2022-07-19,"적정 수준의 단기거래 신용능력을 보유하지만, 급격한 환경변화에 따라 거래안정성에 다소 영향 받을 가능성이 있는 수준"
1138605366,4135409.0,중소기업,B2,2022-07-19,"비교적 무난한 수준의 단기거래 신용능력을 보유하지만, 장래의 거래안정성에 다소 부정적인 요인이 내재되어 있는 수준"
1058601248,1442673.0,중소기업,A3,2022-07-19,"우위의 단기거래 신용능력이 인정되어, 채무불이행으로 인한 위험 가능성이 비교적 낮은 편이지만, 현 단계에서 예측 가능한 환경변화에 대한 대처능력이 제한적인 수준"
6138107649,5882037.0,중소기업,B1,2022-07-19,"적정 수준의 단기거래 신용능력을 보유하지만, 급격한 환경변화에 따라 거래안정성에 다소 영향 받을 가능성이 있는 수준"
1058609318,2185936.0,중소기업,B3,2022-07-19,"단기간의 신용능력은 인정되지만, 향후 환경변화에 따른 지급확실성 저하 가능성이 상존하는 수준"
1058609318,2185936.0,중소기업,B3,2022-02-15,"단기간의 신용능력은 인정되지만, 향후 환경변화에 따른 지급확실성 저하 가능성이 상존하는 수준"
3178101579,2754592.0,중소기업,B3,2022-07-19,"단기간의 신용능력은 인정되지만, 향후 환경변화에 따른 지급확실성 저하 가능성이 상존하는 수준"
5898700849,6511599.0,중소기업,B3,2022-07-19,"단기간의 신용능력은 인정되지만, 향후 환경변화에 따른 지급확실성 저하 가능성이 상존하는 수준"
2098803832,6654038.0,중소기업,A3,2022-05-15,"우위의 단기거래 신용능력이 인정되어, 채무불이행으로 인한 위험 가능성이 비교적 낮은 편이지만, 현 단계에서 예측 가능한 환경변화에 대한 대처능력이 제한적인 수준"
3278700803,6407529.0,중소기업,C1,2022-07-19,"현재 수준에서 신용능력은 제한적이며, 장래 거래안정성 저하가능성이 예상되어 주의가 요망되는 수준"
3168105658,3691733.0,중소기업,B1,2022-07-19,"적정 수준의 단기거래 신용능력을 보유하지만, 급격한 환경변화에 따라 거래안정성에 다소 영향 받을 가능성이 있는 수준"
1098108406,1625115.0,중소기업,C2,2022-02-15,"채무불이행 발생 가능성을 내포하고 있으며, 상위등급에 비해 거래안정성이 매우 낮은 수준으로 경계가 요망되는 수준"
2098107239,2783274.0,중소기업,C2,2022-07-19,"채무불이행 발생 가능성을 내포하고 있으며, 상위등급에 비해 거래안정성이 매우 낮은 수준으로 경계가 요망되는 수준"
1018604104,3316391.0,중소기업,B1,2021-12-31,"적정 수준의 단기거래 신용능력을 보유하지만, 급격한 환경변화에 따라 거래안정성에 다소 영향 받을 가능성이 있는 수준"
5048101685,4043891.0,중소기업,B1,2022-07-19,"적정 수준의 단기거래 신용능력을 보유하지만, 급격한 환경변화에 따라 거래안정성에 다소 영향 받을 가능성이 있는 수준"
3018108331,1920994.0,중소기업,B3,2022-07-19,"단기간의 신용능력은 인정되지만, 향후 환경변화에 따른 지급확실성 저하 가능성이 상존하는 수준"
1058705064,3674381.0,중소기업,C1,2022-07-19,"현재 수준에서 신용능력은 제한적이며, 장래 거래안정성 저하가능성이 예상되어 주의가 요망되는 수준"
1348101884,1807366.0,중소기업,C1,2022-07-19,"현재 수준에서 신용능력은 제한적이며, 장래 거래안정성 저하가능성이 예상되어 주의가 요망되는 수준"
2278509728,2355606.0,대기업,B1,2022-05-15,"적정 수준의 단기거래 신용능력을 보유하지만, 급격한 환경변화에 따라 거래안정성에 다소 영향 받을 가능성이 있는 수준"
6278106092,6527562.0,중소기업,C1,2022-07-19,"현재 수준에서 신용능력은 제한적이며, 장래 거래안정성 저하가능성이 예상되어 주의가 요망되는 수준"
2208700301,3689155.0,중소기업,B3,2022-07-19,"단기간의 신용능력은 인정되지만, 향후 환경변화에 따른 지급확실성 저하 가능성이 상존하는 수준"
3808108770,9023926.0,중소기업,C3,2022-02-15,채무불이행 발생 가능성이 높아 향후 회복가능성이 낮고 적기 상환능력이 의심되는 수준으로 현금거래가 요망되는 위험 수준
1368100289,1311944.0,중견기업,A2,2022-07-19,"양호한 단기거래 신용능력을 보유하여, 채무불이행으로 인한 위험 가능성이 낮으며, 현 단계에서 합리적으로 예측 가능한 장래의 어떠한 환경변화에 대한 대처능력이 상당한 수준"
8708503815,6556067.0,중소기업,B1,2022-07-19,"적정 수준의 단기거래 신용능력을 보유하지만, 급격한 환경변화에 따라 거래안정성에 다소 영향 받을 가능성이 있는 수준"
1028207229,1226326.0,기타(비영리법인),B3,2022-07-19,"단기간의 신용능력은 인정되지만, 향후 환경변화에 따른 지급확실성 저하 가능성이 상존하는 수준"
5048102425,3203915.0,중소기업,B3,2022-07-19,"단기간의 신용능력은 인정되지만, 향후 환경변화에 따른 지급확실성 저하 가능성이 상존하는 수준"
1048103525,1696144.0,중소기업,A2,2022-07-19,"양호한 단기거래 신용능력을 보유하여, 채무불이행으로 인한 위험 가능성이 낮으며, 현 단계에서 합리적으로 예측 가능한 장래의 어떠한 환경변화에 대한 대처능력이 상당한 수준"
4308807922,8115440.0,중소기업,C2,2022-07-19,"채무불이행 발생 가능성을 내포하고 있으며, 상위등급에 비해 거래안정성이 매우 낮은 수준으로 경계가 요망되는 수준"
1058108796,1368423.0,중소기업,B1,2022-07-19,"적정 수준의 단기거래 신용능력을 보유하지만, 급격한 환경변화에 따라 거래안정성에 다소 영향 받을 가능성이 있는 수준"
1058500162,6852808.0,중소기업,NG,2022-02-24,자료 불충분 및 제한으로 인한 등급부재
4168509419,2393677.0,중소기업,C1,2022-07-19,"현재 수준에서 신용능력은 제한적이며, 장래 거래안정성 저하가능성이 예상되어 주의가 요망되는 수준"
1058606188,1284317.0,중소기업,B1,2022-07-19,"적정 수준의 단기거래 신용능력을 보유하지만, 급격한 환경변화에 따라 거래안정성에 다소 영향 받을 가능성이 있는 수준"
1058705249,6853832.0,중소기업,C3,2022-07-19,채무불이행 발생 가능성이 높아 향후 회복가능성이 낮고 적기 상환능력이 의심되는 수준으로 현금거래가 요망되는 위험 수준
5028603944,4120581.0,중견기업,A3,2022-07-19,"우위의 단기거래 신용능력이 인정되어, 채무불이행으로 인한 위험 가능성이 비교적 낮은 편이지만, 현 단계에서 예측 가능한 환경변화에 대한 대처능력이 제한적인 수준"
2098109523,2711671.0,중소기업,B2,2022-05-15,"비교적 무난한 수준의 단기거래 신용능력을 보유하지만, 장래의 거래안정성에 다소 부정적인 요인이 내재되어 있는 수준"
6248608487,8470652.0,중소기업,C2,2022-07-19,"채무불이행 발생 가능성을 내포하고 있으며, 상위등급에 비해 거래안정성이 매우 낮은 수준으로 경계가 요망되는 수준"
2068103702,1160986.0,대기업,NG,2022-05-15,자료 불충분 및 제한으로 인한 등급부재
6138107537,1743636.0,중소기업,B1,2022-07-19,"적정 수준의 단기거래 신용능력을 보유하지만, 급격한 환경변화에 따라 거래안정성에 다소 영향 받을 가능성이 있는 수준"
1058604401,1326474.0,중소기업,B2,2022-02-15,"비교적 무난한 수준의 단기거래 신용능력을 보유하지만, 장래의 거래안정성에 다소 부정적인 요인이 내재되어 있는 수준"
5338707215,8247227.0,중소기업,C2,2022-07-19,"채무불이행 발생 가능성을 내포하고 있으며, 상위등급에 비해 거래안정성이 매우 낮은 수준으로 경계가 요망되는 수준"
2878705576,8534765.0,중소기업,B3,2022-07-19,"단기간의 신용능력은 인정되지만, 향후 환경변화에 따른 지급확실성 저하 가능성이 상존하는 수준"
4188103353,2725487.0,중소기업,B3,2022-04-15,"단기간의 신용능력은 인정되지만, 향후 환경변화에 따른 지급확실성 저하 가능성이 상존하는 수준"
1058703069,3996822.0,중소기업,C1,2022-07-19,"현재 수준에서 신용능력은 제한적이며, 장래 거래안정성 저하가능성이 예상되어 주의가 요망되는 수준"
1058801235,6027274.0,중소기업,C3,2022-07-19,채무불이행 발생 가능성이 높아 향후 회복가능성이 낮고 적기 상환능력이 의심되는 수준으로 현금거래가 요망되는 위험 수준
8618104065,8080527.0,중소기업,C1,2022-01-15,"현재 수준에서 신용능력은 제한적이며, 장래 거래안정성 저하가능성이 예상되어 주의가 요망되는 수준"
6168105027,4016236.0,중소기업,A3,2022-07-19,"우위의 단기거래 신용능력이 인정되어, 채무불이행으로 인한 위험 가능성이 비교적 낮은 편이지만, 현 단계에서 예측 가능한 환경변화에 대한 대처능력이 제한적인 수준"
1018603474,3692330.0,중소기업,B3,2021-12-31,"단기간의 신용능력은 인정되지만, 향후 환경변화에 따른 지급확실성 저하 가능성이 상존하는 수준"
1058600705,2252101.0,중소기업,A3,2022-07-19,"우위의 단기거래 신용능력이 인정되어, 채무불이행으로 인한 위험 가능성이 비교적 낮은 편이지만, 현 단계에서 예측 가능한 환경변화에 대한 대처능력이 제한적인 수준"
6978704517,6557899.0,중소기업,C2,2022-03-15,"채무불이행 발생 가능성을 내포하고 있으며, 상위등급에 비해 거래안정성이 매우 낮은 수준으로 경계가 요망되는 수준"
8368808094,6743937.0,중소기업,C1,2022-07-19,"현재 수준에서 신용능력은 제한적이며, 장래 거래안정성 저하가능성이 예상되어 주의가 요망되는 수준"
1388109521,3909921.0,중소기업,B1,2022-07-19,"적정 수준의 단기거래 신용능력을 보유하지만, 급격한 환경변화에 따라 거래안정성에 다소 영향 받을 가능성이 있는 수준"
1058704077,4078860.0,중소기업,C3,2022-07-19,채무불이행 발생 가능성이 높아 향후 회복가능성이 낮고 적기 상환능력이 의심되는 수준으로 현금거래가 요망되는 위험 수준
1148601808,1988289.0,중소기업,B2,2022-07-19,"비교적 무난한 수준의 단기거래 신용능력을 보유하지만, 장래의 거래안정성에 다소 부정적인 요인이 내재되어 있는 수준"
1308608798,3316506.0,중소기업,A1,2022-07-19,"최상위의 단기거래 신용능력을 보유하여, 채무불이행으로 인한 위험 가능성이 극히 낮으며, 현 단계에서 합리적으로 예측가능한 장래의 어떠한 환경변화에도 대처 가능한 초우량의 신용"
3238701534,8727262.0,중소기업,C3,2022-07-19,채무불이행 발생 가능성이 높아 향후 회복가능성이 낮고 적기 상환능력이 의심되는 수준으로 현금거래가 요망되는 위험 수준
6398605620,8873685.0,중소기업,NG,2022-07-19,지급불능 상태의 매우 취약한 신용능력을 나타내어 적기 상환능력이 전무한 수준
2118804067,3195688.0,중소기업,C2,2022-07-19,"채무불이행 발생 가능성을 내포하고 있으며, 상위등급에 비해 거래안정성이 매우 낮은 수준으로 경계가 요망되는 수준"
2128109568,1495915.0,중소기업,C1,2022-07-19,"현재 수준에서 신용능력은 제한적이며, 장래 거래안정성 저하가능성이 예상되어 주의가 요망되는 수준"
5268708011,6531455.0,중소기업,C1,2022-07-19,"현재 수준에서 신용능력은 제한적이며, 장래 거래안정성 저하가능성이 예상되어 주의가 요망되는 수준"
1058607751,2978887.0,중소기업,B2,2022-07-19,"비교적 무난한 수준의 단기거래 신용능력을 보유하지만, 장래의 거래안정성에 다소 부정적인 요인이 내재되어 있는 수준"
1058607751,2978887.0,중소기업,B1,2022-02-15,"적정 수준의 단기거래 신용능력을 보유하지만, 급격한 환경변화에 따라 거래안정성에 다소 영향 받을 가능성이 있는 수준"
5048100970,1818310.0,중소기업,B2,2022-07-19,"비교적 무난한 수준의 단기거래 신용능력을 보유하지만, 장래의 거래안정성에 다소 부정적인 요인이 내재되어 있는 수준"
6178105826,2255506.0,중소기업,C1,2022-04-15,"현재 수준에서 신용능력은 제한적이며, 장래 거래안정성 저하가능성이 예상되어 주의가 요망되는 수준"
1342807662,3845223.0,중소기업,B3,2022-03-15,"단기간의 신용능력은 인정되지만, 향후 환경변화에 따른 지급확실성 저하 가능성이 상존하는 수준"
2038106570,6403897.0,중소기업,C3,2022-07-19,채무불이행 발생 가능성이 높아 향후 회복가능성이 낮고 적기 상환능력이 의심되는 수준으로 현금거래가 요망되는 위험 수준
2268109661,1878803.0,중소기업,B2,2022-07-19,"비교적 무난한 수준의 단기거래 신용능력을 보유하지만, 장래의 거래안정성에 다소 부정적인 요인이 내재되어 있는 수준"
1098604564,2912979.0,중소기업,B1,2022-07-19,"적정 수준의 단기거래 신용능력을 보유하지만, 급격한 환경변화에 따라 거래안정성에 다소 영향 받을 가능성이 있는 수준"
6218105619,3210947.0,중소기업,C1,2022-03-15,"현재 수준에서 신용능력은 제한적이며, 장래 거래안정성 저하가능성이 예상되어 주의가 요망되는 수준"
3118104437,3268800.0,중소기업,A3,2022-07-19,"우위의 단기거래 신용능력이 인정되어, 채무불이행으로 인한 위험 가능성이 비교적 낮은 편이지만, 현 단계에서 예측 가능한 환경변화에 대한 대처능력이 제한적인 수준"
6168102605,1505681.0,중소기업,B2,2022-07-19,"비교적 무난한 수준의 단기거래 신용능력을 보유하지만, 장래의 거래안정성에 다소 부정적인 요인이 내재되어 있는 수준"
2208605410,1584223.0,중소기업,C1,2022-07-19,"현재 수준에서 신용능력은 제한적이며, 장래 거래안정성 저하가능성이 예상되어 주의가 요망되는 수준"
1208600862,1979837.0,중소기업,B3,2022-07-19,"단기간의 신용능력은 인정되지만, 향후 환경변화에 따른 지급확실성 저하 가능성이 상존하는 수준"
2238107619,1301267.0,중소기업,A1,2022-07-19,"최상위의 단기거래 신용능력을 보유하여, 채무불이행으로 인한 위험 가능성이 극히 낮으며, 현 단계에서 합리적으로 예측가능한 장래의 어떠한 환경변화에도 대처 가능한 초우량의 신용"
1058607033,1895298.0,중소기업,A3,2022-07-19,"우위의 단기거래 신용능력이 인정되어, 채무불이행으로 인한 위험 가능성이 비교적 낮은 편이지만, 현 단계에서 예측 가능한 환경변화에 대한 대처능력이 제한적인 수준"
6158103807,2624618.0,기타(비영리법인),B3,2022-07-19,"단기간의 신용능력은 인정되지만, 향후 환경변화에 따른 지급확실성 저하 가능성이 상존하는 수준"
4168101184,4081733.0,중소기업,B2,2022-07-19,"비교적 무난한 수준의 단기거래 신용능력을 보유하지만, 장래의 거래안정성에 다소 부정적인 요인이 내재되어 있는 수준"
5028106742,1742396.0,중소기업,A3,2022-07-19,"우위의 단기거래 신용능력이 인정되어, 채무불이행으로 인한 위험 가능성이 비교적 낮은 편이지만, 현 단계에서 예측 가능한 환경변화에 대한 대처능력이 제한적인 수준"
1578100438,6424482.0,중소기업,C1,2022-07-19,"현재 수준에서 신용능력은 제한적이며, 장래 거래안정성 저하가능성이 예상되어 주의가 요망되는 수준"
6288704678,8510325.0,중소기업,B3,2022-07-19,"단기간의 신용능력은 인정되지만, 향후 환경변화에 따른 지급확실성 저하 가능성이 상존하는 수준"
1138100308,1302680.0,중견기업,A2,2022-07-19,"양호한 단기거래 신용능력을 보유하여, 채무불이행으로 인한 위험 가능성이 낮으며, 현 단계에서 합리적으로 예측 가능한 장래의 어떠한 환경변화에 대한 대처능력이 상당한 수준"
6068604284,3034235.0,중소기업,C2,2022-07-19,"채무불이행 발생 가능성을 내포하고 있으며, 상위등급에 비해 거래안정성이 매우 낮은 수준으로 경계가 요망되는 수준"
6158103293,3661028.0,중소기업,C2,2022-07-19,"채무불이행 발생 가능성을 내포하고 있으며, 상위등급에 비해 거래안정성이 매우 낮은 수준으로 경계가 요망되는 수준"
1058705940,4185525.0,중소기업,C2,2022-07-19,"채무불이행 발생 가능성을 내포하고 있으며, 상위등급에 비해 거래안정성이 매우 낮은 수준으로 경계가 요망되는 수준"
1051800477,8361041.0,중소기업,C2,2022-05-15,"채무불이행 발생 가능성을 내포하고 있으며, 상위등급에 비해 거래안정성이 매우 낮은 수준으로 경계가 요망되는 수준"
1108101047,1138965.0,중견기업,A2,2022-07-19,"양호한 단기거래 신용능력을 보유하여, 채무불이행으로 인한 위험 가능성이 낮으며, 현 단계에서 합리적으로 예측 가능한 장래의 어떠한 환경변화에 대한 대처능력이 상당한 수준"
1208702688,4230373.0,중소기업,B2,2022-07-19,"비교적 무난한 수준의 단기거래 신용능력을 보유하지만, 장래의 거래안정성에 다소 부정적인 요인이 내재되어 있는 수준"
1238100608,1550410.0,중견기업,B1,2022-07-19,"적정 수준의 단기거래 신용능력을 보유하지만, 급격한 환경변화에 따라 거래안정성에 다소 영향 받을 가능성이 있는 수준"
1198605055,5871155.0,중소기업,B1,2022-07-19,"적정 수준의 단기거래 신용능력을 보유하지만, 급격한 환경변화에 따라 거래안정성에 다소 영향 받을 가능성이 있는 수준"
1078600533,1830163.0,중소기업,B3,2022-07-19,"단기간의 신용능력은 인정되지만, 향후 환경변화에 따른 지급확실성 저하 가능성이 상존하는 수준"
5028108116,3038509.0,중소기업,C2,2022-07-19,"채무불이행 발생 가능성을 내포하고 있으며, 상위등급에 비해 거래안정성이 매우 낮은 수준으로 경계가 요망되는 수준"
2068604150,3698877.0,중소기업,C3,2022-07-19,채무불이행 발생 가능성이 높아 향후 회복가능성이 낮고 적기 상환능력이 의심되는 수준으로 현금거래가 요망되는 위험 수준
5088103009,2806704.0,중소기업,A3,2022-07-19,"우위의 단기거래 신용능력이 인정되어, 채무불이행으로 인한 위험 가능성이 비교적 낮은 편이지만, 현 단계에서 예측 가능한 환경변화에 대한 대처능력이 제한적인 수준"
6868603607,6057611.0,중소기업,C1,2022-07-19,"현재 수준에서 신용능력은 제한적이며, 장래 거래안정성 저하가능성이 예상되어 주의가 요망되는 수준"
4118104802,1289323.0,중소기업,B2,2022-07-19,"비교적 무난한 수준의 단기거래 신용능력을 보유하지만, 장래의 거래안정성에 다소 부정적인 요인이 내재되어 있는 수준"
2268109223,1314640.0,중소기업,A3,2022-07-19,"우위의 단기거래 신용능력이 인정되어, 채무불이행으로 인한 위험 가능성이 비교적 낮은 편이지만, 현 단계에서 예측 가능한 환경변화에 대한 대처능력이 제한적인 수준"
1248601756,1579076.0,중소기업,B3,2022-07-19,"단기간의 신용능력은 인정되지만, 향후 환경변화에 따른 지급확실성 저하 가능성이 상존하는 수준"
2118806279,3716595.0,중소기업,C1,2022-03-15,"현재 수준에서 신용능력은 제한적이며, 장래 거래안정성 저하가능성이 예상되어 주의가 요망되는 수준"
1738103296,6739885.0,중소기업,C3,2022-07-19,채무불이행 발생 가능성이 높아 향후 회복가능성이 낮고 적기 상환능력이 의심되는 수준으로 현금거래가 요망되는 위험 수준
8608709788,8770040.0,중소기업,B1,2022-07-19,"적정 수준의 단기거래 신용능력을 보유하지만, 급격한 환경변화에 따라 거래안정성에 다소 영향 받을 가능성이 있는 수준"
1608102527,6402590.0,중소기업,C2,2022-07-19,"채무불이행 발생 가능성을 내포하고 있으며, 상위등급에 비해 거래안정성이 매우 낮은 수준으로 경계가 요망되는 수준"
1148701588,5908074.0,중소기업,C3,2022-07-19,채무불이행 발생 가능성이 높아 향후 회복가능성이 낮고 적기 상환능력이 의심되는 수준으로 현금거래가 요망되는 위험 수준
1248109761,1875510.0,중소기업,C1,2022-07-19,"현재 수준에서 신용능력은 제한적이며, 장래 거래안정성 저하가능성이 예상되어 주의가 요망되는 수준"
5618809396,9179321.0,중소기업,C2,2022-07-19,"채무불이행 발생 가능성을 내포하고 있으며, 상위등급에 비해 거래안정성이 매우 낮은 수준으로 경계가 요망되는 수준"
2208805930,4136061.0,중소기업,C2,2022-07-19,"채무불이행 발생 가능성을 내포하고 있으며, 상위등급에 비해 거래안정성이 매우 낮은 수준으로 경계가 요망되는 수준"
2308107331,5905696.0,중소기업,C2,2022-07-19,"채무불이행 발생 가능성을 내포하고 있으며, 상위등급에 비해 거래안정성이 매우 낮은 수준으로 경계가 요망되는 수준"
3148104714,1435051.0,중소기업,B1,2022-07-19,"적정 수준의 단기거래 신용능력을 보유하지만, 급격한 환경변화에 따라 거래안정성에 다소 영향 받을 가능성이 있는 수준"
1688705965,6680148.0,중소기업,A3,2022-05-15,"우위의 단기거래 신용능력이 인정되어, 채무불이행으로 인한 위험 가능성이 비교적 낮은 편이지만, 현 단계에서 예측 가능한 환경변화에 대한 대처능력이 제한적인 수준"
1358806908,6521479.0,중소기업,B1,2022-07-19,"적정 수준의 단기거래 신용능력을 보유하지만, 급격한 환경변화에 따라 거래안정성에 다소 영향 받을 가능성이 있는 수준"
1848703119,8765379.0,중소기업,B1,2022-07-19,"적정 수준의 단기거래 신용능력을 보유하지만, 급격한 환경변화에 따라 거래안정성에 다소 영향 받을 가능성이 있는 수준"
7498807886,6404626.0,중소기업,B3,2022-07-19,"단기간의 신용능력은 인정되지만, 향후 환경변화에 따른 지급확실성 저하 가능성이 상존하는 수준"
2208809755,4156156.0,중소기업,B2,2022-05-15,"비교적 무난한 수준의 단기거래 신용능력을 보유하지만, 장래의 거래안정성에 다소 부정적인 요인이 내재되어 있는 수준"
5048104113,2252469.0,중소기업,B1,2022-07-19,"적정 수준의 단기거래 신용능력을 보유하지만, 급격한 환경변화에 따라 거래안정성에 다소 영향 받을 가능성이 있는 수준"
4528802433,8164705.0,중소기업,C2,2022-07-19,"채무불이행 발생 가능성을 내포하고 있으며, 상위등급에 비해 거래안정성이 매우 낮은 수준으로 경계가 요망되는 수준"
1328605307,4165982.0,중소기업,C1,2022-07-19,"현재 수준에서 신용능력은 제한적이며, 장래 거래안정성 저하가능성이 예상되어 주의가 요망되는 수준"
2078105119,1908231.0,중소기업,B1,2022-07-19,"적정 수준의 단기거래 신용능력을 보유하지만, 급격한 환경변화에 따라 거래안정성에 다소 영향 받을 가능성이 있는 수준"
2328105437,5967266.0,중소기업,B3,2022-05-17,"단기간의 신용능력은 인정되지만, 향후 환경변화에 따른 지급확실성 저하 가능성이 상존하는 수준"
5048103812,2779043.0,중소기업,A3,2022-07-19,"우위의 단기거래 신용능력이 인정되어, 채무불이행으로 인한 위험 가능성이 비교적 낮은 편이지만, 현 단계에서 예측 가능한 환경변화에 대한 대처능력이 제한적인 수준"
1148608640,4070176.0,중소기업,B3,2022-07-19,"단기간의 신용능력은 인정되지만, 향후 환경변화에 따른 지급확실성 저하 가능성이 상존하는 수준"
1088102482,1364357.0,중소기업,A3,2022-07-19,"우위의 단기거래 신용능력이 인정되어, 채무불이행으로 인한 위험 가능성이 비교적 낮은 편이지만, 현 단계에서 예측 가능한 환경변화에 대한 대처능력이 제한적인 수준"
1058603036,1524974.0,중소기업,A2,2022-02-15,"양호한 단기거래 신용능력을 보유하여, 채무불이행으로 인한 위험 가능성이 낮으며, 현 단계에서 합리적으로 예측 가능한 장래의 어떠한 환경변화에 대한 대처능력이 상당한 수준"
8528106310,8768666.0,중소기업,B2,2022-07-19,"비교적 무난한 수준의 단기거래 신용능력을 보유하지만, 장래의 거래안정성에 다소 부정적인 요인이 내재되어 있는 수준"
4088104138,1722813.0,중소기업,B1,2022-07-19,"적정 수준의 단기거래 신용능력을 보유하지만, 급격한 환경변화에 따라 거래안정성에 다소 영향 받을 가능성이 있는 수준"
1138103223,1439025.0,중소기업,C1,2022-07-19,"현재 수준에서 신용능력은 제한적이며, 장래 거래안정성 저하가능성이 예상되어 주의가 요망되는 수준"
5028601946,4043926.0,중소기업,B2,2022-07-19,"비교적 무난한 수준의 단기거래 신용능력을 보유하지만, 장래의 거래안정성에 다소 부정적인 요인이 내재되어 있는 수준"
1198808558,6396851.0,중소기업,B3,2022-07-19,"단기간의 신용능력은 인정되지만, 향후 환경변화에 따른 지급확실성 저하 가능성이 상존하는 수준"
6598108589,8513487.0,중소기업,C3,2022-03-15,채무불이행 발생 가능성이 높아 향후 회복가능성이 낮고 적기 상환능력이 의심되는 수준으로 현금거래가 요망되는 위험 수준
1168104469,1230363.0,중소기업,B2,2022-07-19,"비교적 무난한 수준의 단기거래 신용능력을 보유하지만, 장래의 거래안정성에 다소 부정적인 요인이 내재되어 있는 수준"
2208700575,2752877.0,중소기업,B1,2022-07-19,"적정 수준의 단기거래 신용능력을 보유하지만, 급격한 환경변화에 따라 거래안정성에 다소 영향 받을 가능성이 있는 수준"
1138602608,4078005.0,중소기업,C1,2022-07-19,"현재 수준에서 신용능력은 제한적이며, 장래 거래안정성 저하가능성이 예상되어 주의가 요망되는 수준"
1268109814,1329285.0,중소기업,C1,2022-07-19,"현재 수준에서 신용능력은 제한적이며, 장래 거래안정성 저하가능성이 예상되어 주의가 요망되는 수준"
1088109048,1555972.0,중소기업,B3,2022-02-15,"단기간의 신용능력은 인정되지만, 향후 환경변화에 따른 지급확실성 저하 가능성이 상존하는 수준"
6168601531,6068275.0,중소기업,B2,2022-07-19,"비교적 무난한 수준의 단기거래 신용능력을 보유하지만, 장래의 거래안정성에 다소 부정적인 요인이 내재되어 있는 수준"
1108105884,1159794.0,중소기업,B3,2022-07-19,"단기간의 신용능력은 인정되지만, 향후 환경변화에 따른 지급확실성 저하 가능성이 상존하는 수준"
4838703504,8597421.0,중소기업,B2,2022-07-19,"비교적 무난한 수준의 단기거래 신용능력을 보유하지만, 장래의 거래안정성에 다소 부정적인 요인이 내재되어 있는 수준"
2208807645,5895774.0,중소기업,B2,2022-07-19,"비교적 무난한 수준의 단기거래 신용능력을 보유하지만, 장래의 거래안정성에 다소 부정적인 요인이 내재되어 있는 수준"
